id;tyre_id;location;price_wholesale;price_retail;stock;updated_at
1;1;Москва;;;;2025-06-26
2;1;Волгоград;;;;2025-06-26
3;2;Москва;;;;2025-06-26
4;2;Волгоград;;;;2025-06-26
5;3;Москва;;;;2025-06-26
6;3;Волгоград;;;;2025-06-26
7;4;Москва;3500;4000;4;2025-06-26
8;4;Волгоград;;;;2025-06-26
9;5;Москва;;;;2025-06-26
10;5;Волгоград;;;;2025-06-26
11;6;Москва;3500;4000;;2025-06-26
12;6;Волгоград;;;;2025-06-26
13;7;Москва;3400;4000;;2025-06-26
14;7;Волгоград;;;;2025-06-26
15;8;Москва;;;;2025-06-26
16;8;Волгоград;;;;2025-06-26
17;9;Москва;;4500;;2025-06-26
18;9;Волгоград;;5000;;2025-06-26
19;10;Москва;;;;2025-06-26
20;10;Волгоград;;;;2025-06-26
21;11;Москва;;;;2025-06-26
22;11;Волгоград;;;;2025-06-26
23;12;Москва;3300;4000;;2025-06-26
24;12;Волгоград;;4500;;2025-06-26
25;13;Москва;;;;2025-06-26
26;13;Волгоград;;;;2025-06-26
27;14;Москва;;;;2025-06-26
28;14;Волгоград;;;;2025-06-26
29;15;Москва;;4500;;2025-06-26
30;15;Волгоград;;;;2025-06-26
31;16;Москва;;4500;;2025-06-26
32;16;Волгоград;;;;2025-06-26
33;17;Москва;3550;4500;4;2025-06-26
34;17;Волгоград;;5000;;2025-06-26
35;18;Москва;;;;2025-06-26
36;18;Волгоград;;;;2025-06-26
37;19;Москва;;;;2025-06-26
38;19;Волгоград;;;;2025-06-26
39;20;Москва;;4125;;2025-06-26
40;20;Волгоград;;4500;;2025-06-26
41;21;Москва;3275;4125;;2025-06-26
42;21;Волгоград;;4500;;2025-06-26
43;22;Москва;3850;4250;12;2025-06-26
44;22;Волгоград;;;;2025-06-26
45;23;Москва;;4500;;2025-06-26
46;23;Волгоград;;4750;;2025-06-26
47;24;Москва;;;;2025-06-26
48;24;Волгоград;;;;2025-06-26
49;25;Москва;3825;4500;12;2025-06-26
50;25;Волгоград;3975;4750;4;2025-06-26
51;26;Москва;;;;2025-06-26
52;26;Волгоград;;;;2025-06-26
53;27;Москва;;;;2025-06-26
54;27;Волгоград;;;;2025-06-26
55;28;Москва;4000;5250;2;2025-06-26
56;28;Волгоград;;;;2025-06-26
57;29;Москва;5400;5500;30;2025-06-26
58;29;Волгоград;5400;5750;6;2025-06-26
59;30;Москва;;5500;;2025-06-26
60;30;Волгоград;;;;2025-06-26
61;31;Москва;;;;2025-06-26
62;31;Волгоград;;;;2025-06-26
63;32;Москва;;;;2025-06-26
64;32;Волгоград;;;;2025-06-26
65;33;Москва;;;;2025-06-26
66;33;Волгоград;;;;2025-06-26
67;34;Москва;4275;5000;18;2025-06-26
68;34;Волгоград;3400;5500;4;2025-06-26
69;35;Москва;4000;4750;6;2025-06-26
70;35;Волгоград;;5000;;2025-06-26
71;36;Москва;3250;4500;4;2025-06-26
72;36;Волгоград;3400;5000;4;2025-06-26
73;37;Москва;2900;4500;4;2025-06-26
74;37;Волгоград;;5000;;2025-06-26
75;38;Москва;;;;2025-06-26
76;38;Волгоград;;;;2025-06-26
77;39;Москва;;;;2025-06-26
78;39;Волгоград;;;;2025-06-26
79;40;Москва;;;;2025-06-26
80;40;Волгоград;;;;2025-06-26
81;41;Москва;;;;2025-06-26
82;41;Волгоград;;;;2025-06-26
83;42;Москва;;;;2025-06-26
84;42;Волгоград;;;;2025-06-26
85;43;Москва;;;;2025-06-26
86;43;Волгоград;;;;2025-06-26
87;44;Москва;4050;5000;8;2025-06-26
88;44;Волгоград;4350;5500;;2025-06-26
89;45;Москва;;;;2025-06-26
90;45;Волгоград;;;;2025-06-26
91;46;Москва;;;;2025-06-26
92;46;Волгоград;;;;2025-06-26
93;47;Москва;4675;6000;4;2025-06-26
94;47;Волгоград;4850;6250;4;2025-06-26
95;48;Москва;4350;5000;;2025-06-26
96;48;Волгоград;;;;2025-06-26
97;49;Москва;;;;2025-06-26
98;49;Волгоград;;;;2025-06-26
99;50;Москва;;;;2025-06-26
100;50;Волгоград;;;;2025-06-26
101;51;Москва;;;;2025-06-26
102;51;Волгоград;;;;2025-06-26
103;52;Москва;;;;2025-06-26
104;52;Волгоград;;;;2025-06-26
105;53;Москва;;;;2025-06-26
106;53;Волгоград;;;;2025-06-26
107;54;Москва;;;;2025-06-26
108;54;Волгоград;;;;2025-06-26
109;55;Москва;4125;4500;4;2025-06-26
110;55;Волгоград;;5250;;2025-06-26
111;56;Москва;;;;2025-06-26
112;56;Волгоград;;;;2025-06-26
113;57;Москва;;;;2025-06-26
114;57;Волгоград;;;;2025-06-26
115;58;Москва;3050;5000;;2025-06-26
116;58;Волгоград;3350;5250;4;2025-06-26
117;59;Москва;;;;2025-06-26
118;59;Волгоград;;;;2025-06-26
119;60;Москва;;;;2025-06-26
120;60;Волгоград;;;;2025-06-26
121;61;Москва;;;;2025-06-26
122;61;Волгоград;;;;2025-06-26
123;62;Москва;4200;5000;8;2025-06-26
124;62;Волгоград;;5250;;2025-06-26
125;63;Москва;3450;4250;;2025-06-26
126;63;Волгоград;;4750;;2025-06-26
127;64;Москва;;;;2025-06-26
128;64;Волгоград;;;;2025-06-26
129;65;Москва;5650;5750;10;2025-06-26
130;65;Волгоград;;6500;;2025-06-26
131;66;Москва;;5750;;2025-06-26
132;66;Волгоград;;6500;;2025-06-26
133;67;Москва;5625;6250;4;2025-06-26
134;67;Волгоград;;7000;;2025-06-26
135;68;Москва;;;;2025-06-26
136;68;Волгоград;;;;2025-06-26
137;69;Москва;4325;4750;16;2025-06-26
138;69;Волгоград;4500;5500;4;2025-06-26
139;70;Москва;;;;2025-06-26
140;70;Волгоград;;;;2025-06-26
141;71;Москва;;;;2025-06-26
142;71;Волгоград;;;;2025-06-26
143;72;Москва;;5500;;2025-06-26
144;72;Волгоград;4000;5750;3;2025-06-26
145;73;Москва;4200;4750;32;2025-06-26
146;73;Волгоград;3650;5750;4;2025-06-26
147;74;Москва;;;;2025-06-26
148;74;Волгоград;;;;2025-06-26
149;75;Москва;3500;5000;2;2025-06-26
150;75;Волгоград;;5500;;2025-06-26
151;76;Москва;4600;4900;24;2025-06-26
152;76;Волгоград;4750;5500;4;2025-06-26
153;77;Москва;;;;2025-06-26
154;77;Волгоград;;;;2025-06-26
155;78;Москва;3850;5500;4;2025-06-26
156;78;Волгоград;;5750;;2025-06-26
157;79;Москва;;;;2025-06-26
158;79;Волгоград;;;;2025-06-26
159;80;Москва;;;;2025-06-26
160;80;Волгоград;;;;2025-06-26
161;81;Москва;4825;5750;12;2025-06-26
162;81;Волгоград;5100;6500;4;2025-06-26
163;82;Москва;;;;2025-06-26
164;82;Волгоград;;;;2025-06-26
165;83;Москва;;;;2025-06-26
166;83;Волгоград;;;;2025-06-26
167;84;Москва;4800;5500;4;2025-06-26
168;84;Волгоград;4250;6000;14;2025-06-26
169;85;Москва;;;;2025-06-26
170;85;Волгоград;;;;2025-06-26
171;86;Москва;;;;2025-06-26
172;86;Волгоград;;;;2025-06-26
173;87;Москва;;;;2025-06-26
174;87;Волгоград;;;;2025-06-26
175;88;Москва;5450;6000;6;2025-06-26
176;88;Волгоград;5600;6500;4;2025-06-26
177;89;Москва;;6000;;2025-06-26
178;89;Волгоград;4400;6500;4;2025-06-26
179;90;Москва;;;;2025-06-26
180;90;Волгоград;;;;2025-06-26
181;91;Москва;4800;5250;4;2025-06-26
182;91;Волгоград;;6000;;2025-06-26
183;92;Москва;;;;2025-06-26
184;92;Волгоград;;;;2025-06-26
185;93;Москва;;;;2025-06-26
186;93;Волгоград;;;;2025-06-26
187;94;Москва;;;;2025-06-26
188;94;Волгоград;;;;2025-06-26
189;95;Москва;3725;4750;28;2025-06-26
190;95;Волгоград;4200;5500;4;2025-06-26
191;96;Москва;4400;5000;10;2025-06-26
192;96;Волгоград;4500;5500;;2025-06-26
193;97;Москва;5250;6750;16;2025-06-26
194;97;Волгоград;5400;7000;;2025-06-26
195;98;Москва;;;;2025-06-26
196;98;Волгоград;;;;2025-06-26
197;99;Москва;;;;2025-06-26
198;99;Волгоград;;;;2025-06-26
199;100;Москва;;;;2025-06-26
200;100;Волгоград;;;;2025-06-26
201;101;Москва;;;;2025-06-26
202;101;Волгоград;;;;2025-06-26
203;102;Москва;;;;2025-06-26
204;102;Волгоград;;;;2025-06-26
205;103;Москва;;;;2025-06-26
206;103;Волгоград;;;;2025-06-26
207;104;Москва;;;;2025-06-26
208;104;Волгоград;;;;2025-06-26
209;105;Москва;4050;5750;4;2025-06-26
210;105;Волгоград;;6750;;2025-06-26
211;106;Москва;5800;6000;12;2025-06-26
212;106;Волгоград;4450;6750;4;2025-06-26
213;107;Москва;;;;2025-06-26
214;107;Волгоград;;;;2025-06-26
215;108;Москва;;;;2025-06-26
216;108;Волгоград;;;;2025-06-26
217;109;Москва;;;;2025-06-26
218;109;Волгоград;;;;2025-06-26
219;110;Москва;4000;5000;4;2025-06-26
220;110;Волгоград;;;;2025-06-26
221;111;Москва;4700;6000;8;2025-06-26
222;111;Волгоград;4850;6500;4;2025-06-26
223;112;Москва;4850;6000;;2025-06-26
224;112;Волгоград;;6500;;2025-06-26
225;113;Москва;;;;2025-06-26
226;113;Волгоград;;;;2025-06-26
227;114;Москва;;;;2025-06-26
228;114;Волгоград;;;;2025-06-26
229;115;Москва;;;;2025-06-26
230;115;Волгоград;;;;2025-06-26
231;116;Москва;3925;4500;4;2025-06-26
232;116;Волгоград;;5000;;2025-06-26
233;117;Москва;;;;2025-06-26
234;117;Волгоград;;;;2025-06-26
235;118;Москва;;;;2025-06-26
236;118;Волгоград;;;;2025-06-26
237;119;Москва;;;;2025-06-26
238;119;Волгоград;;;;2025-06-26
239;120;Москва;;;;2025-06-26
240;120;Волгоград;;;;2025-06-26
241;121;Москва;;;;2025-06-26
242;121;Волгоград;;;;2025-06-26
243;122;Москва;;;;2025-06-26
244;122;Волгоград;;;;2025-06-26
245;123;Москва;;;;2025-06-26
246;123;Волгоград;;;;2025-06-26
247;124;Москва;5575;7500;2;2025-06-26
248;124;Волгоград;;8500;;2025-06-26
249;125;Москва;;;;2025-06-26
250;125;Волгоград;;;;2025-06-26
251;126;Москва;4000;4750;4;2025-06-26
252;126;Волгоград;4150;6000;4;2025-06-26
253;127;Москва;;;;2025-06-26
254;127;Волгоград;;;;2025-06-26
255;128;Москва;;;;2025-06-26
256;128;Волгоград;;;;2025-06-26
257;129;Москва;;4750;3;2025-06-26
258;129;Волгоград;;6000;;2025-06-26
259;130;Москва;5375;5500;4;2025-06-26
260;130;Волгоград;4650;6250;4;2025-06-26
261;131;Москва;5250;6000;10;2025-06-26
262;131;Волгоград;;7000;;2025-06-26
263;132;Москва;;;;2025-06-26
264;132;Волгоград;;;;2025-06-26
265;133;Москва;;;;2025-06-26
266;133;Волгоград;;;;2025-06-26
267;134;Москва;;;;2025-06-26
268;134;Волгоград;;;;2025-06-26
269;135;Москва;4300;5000;20;2025-06-26
270;135;Волгоград;4000;6000;8;2025-06-26
271;136;Москва;;;;2025-06-26
272;136;Волгоград;;;;2025-06-26
273;137;Москва;5350;5000;1;2025-06-26
274;137;Волгоград;;6000;;2025-06-26
275;138;Москва;5400;5000;6;2025-06-26
276;138;Волгоград;;6000;;2025-06-26
277;139;Москва;;;;2025-06-26
278;139;Волгоград;;;;2025-06-26
279;140;Москва;4425;4750;14;2025-06-26
280;140;Волгоград;4550;5500;4;2025-06-26
281;141;Москва;;;;2025-06-26
282;141;Волгоград;;;;2025-06-26
283;142;Москва;;;;2025-06-26
284;142;Волгоград;;;;2025-06-26
285;143;Москва;5550;5600;30;2025-06-26
286;143;Волгоград;5300;6250;8;2025-06-26
287;144;Москва;5500;6000;25;2025-06-26
288;144;Волгоград;5650;6750;8;2025-06-26
289;145;Москва;4700;5750;4;2025-06-26
290;145;Волгоград;;6500;;2025-06-26
291;146;Москва;4350;5750;16;2025-06-26
292;146;Волгоград;;6500;;2025-06-26
293;147;Москва;;;;2025-06-26
294;147;Волгоград;;;;2025-06-26
295;148;Москва;;;;2025-06-26
296;148;Волгоград;;;;2025-06-26
297;149;Москва;;;;2025-06-26
298;149;Волгоград;;;;2025-06-26
299;150;Москва;;;;2025-06-26
300;150;Волгоград;;;;2025-06-26
301;151;Москва;4950;6250;10;2025-06-26
302;151;Волгоград;5300;6500;4;2025-06-26
303;152;Москва;6050;6500;36;2025-06-26
304;152;Волгоград;5350;7000;4;2025-06-26
305;153;Москва;;;;2025-06-26
306;153;Волгоград;;;;2025-06-26
307;154;Москва;5350;5500;8;2025-06-26
308;154;Волгоград;;6000;;2025-06-26
309;155;Москва;5325;5500;4;2025-06-26
310;155;Волгоград;;6500;;2025-06-26
311;156;Москва;;;;2025-06-26
312;156;Волгоград;;;;2025-06-26
313;157;Москва;;;;2025-06-26
314;157;Волгоград;;;;2025-06-26
315;158;Москва;;;;2025-06-26
316;158;Волгоград;;;;2025-06-26
317;159;Москва;6100;6250;4;2025-06-26
318;159;Волгоград;;6000;;2025-06-26
319;160;Москва;5250;5500;4;2025-06-26
320;160;Волгоград;4600;6000;4;2025-06-26
321;161;Москва;4450;5500;12;2025-06-26
322;161;Волгоград;4875;6000;;2025-06-26
323;162;Москва;;;;2025-06-26
324;162;Волгоград;;;;2025-06-26
325;163;Москва;;;;2025-06-26
326;163;Волгоград;;;;2025-06-26
327;164;Москва;;;;2025-06-26
328;164;Волгоград;;;;2025-06-26
329;165;Москва;5475;5500;20;2025-06-26
330;165;Волгоград;5450;6500;8;2025-06-26
331;166;Москва;;;;2025-06-26
332;166;Волгоград;;;;2025-06-26
333;167;Москва;;;;2025-06-26
334;167;Волгоград;;;;2025-06-26
335;168;Москва;;;;2025-06-26
336;168;Волгоград;;;;2025-06-26
337;169;Москва;;;;2025-06-26
338;169;Волгоград;;;;2025-06-26
339;170;Москва;4925;5250;4;2025-06-26
340;170;Волгоград;5000;6250;4;2025-06-26
341;171;Москва;5000;5300;8;2025-06-26
342;171;Волгоград;;6250;;2025-06-26
343;172;Москва;5475;5500;8;2025-06-26
344;172;Волгоград;;6250;;2025-06-26
345;173;Москва;;;;2025-06-26
346;173;Волгоград;;;;2025-06-26
347;174;Москва;;;;2025-06-26
348;174;Волгоград;;;;2025-06-26
349;175;Москва;;;;2025-06-26
350;175;Волгоград;;;;2025-06-26
351;176;Москва;4950;5500;4;2025-06-26
352;176;Волгоград;5000;6000;4;2025-06-26
353;177;Москва;;;;2025-06-26
354;177;Волгоград;;;;2025-06-26
355;178;Москва;;5500;;2025-06-26
356;178;Волгоград;4800;6500;4;2025-06-26
357;179;Москва;;5000;;2025-06-26
358;179;Волгоград;;;;2025-06-26
359;180;Москва;6050;7000;4;2025-06-26
360;180;Волгоград;;7500;;2025-06-26
361;181;Москва;6700;7000;;2025-06-26
362;181;Волгоград;;7500;;2025-06-26
363;182;Москва;6050;7000;8;2025-06-26
364;182;Волгоград;;7500;;2025-06-26
365;183;Москва;;;;2025-06-26
366;183;Волгоград;;;;2025-06-26
367;184;Москва;;;;2025-06-26
368;184;Волгоград;;8000;;2025-06-26
369;185;Москва;;;;2025-06-26
370;185;Волгоград;;;;2025-06-26
371;186;Москва;5700;6250;8;2025-06-26
372;186;Волгоград;6150;7000;4;2025-06-26
373;187;Москва;;;;2025-06-26
374;187;Волгоград;;;;2025-06-26
375;188;Москва;;;;2025-06-26
376;188;Волгоград;;;;2025-06-26
377;189;Москва;7000;6500;12;2025-06-26
378;189;Волгоград;;7500;;2025-06-26
379;190;Москва;;;;2025-06-26
380;190;Волгоград;;;;2025-06-26
381;191;Москва;;;;2025-06-26
382;191;Волгоград;;;;2025-06-26
383;192;Москва;6300;6750;;2025-06-26
384;192;Волгоград;;7750;;2025-06-26
385;193;Москва;;;;2025-06-26
386;193;Волгоград;;;;2025-06-26
387;194;Москва;;;;2025-06-26
388;194;Волгоград;;;;2025-06-26
389;195;Москва;6225;7000;4;2025-06-26
390;195;Волгоград;6350;7500;4;2025-06-26
391;196;Москва;6900;8500;;2025-06-26
392;196;Волгоград;;9000;;2025-06-26
393;197;Москва;;;;2025-06-26
394;197;Волгоград;;;;2025-06-26
395;198;Москва;;;;2025-06-26
396;198;Волгоград;;;;2025-06-26
397;199;Москва;;;;2025-06-26
398;199;Волгоград;;;;2025-06-26
399;200;Москва;;5500;;2025-06-26
400;200;Волгоград;;;;2025-06-26
401;201;Москва;;;;2025-06-26
402;201;Волгоград;;;;2025-06-26
403;202;Москва;;;;2025-06-26
404;202;Волгоград;;;;2025-06-26
405;203;Москва;4725;6250;12;2025-06-26
406;203;Волгоград;4850;7000;4;2025-06-26
407;204;Москва;;6500;;2025-06-26
408;204;Волгоград;;;;2025-06-26
409;205;Москва;6000;6500;4;2025-06-26
410;205;Волгоград;;7500;;2025-06-26
411;206;Москва;3600;6000;2;2025-06-26
412;206;Волгоград;;7000;;2025-06-26
413;207;Москва;;;;2025-06-26
414;207;Волгоград;;;;2025-06-26
415;208;Москва;7050;7000;1;2025-06-26
416;208;Волгоград;4250;7000;4;2025-06-26
417;209;Москва;5400;10000;5;2025-06-26
418;209;Волгоград;;10000;;2025-06-26
419;210;Москва;;;;2025-06-26
420;210;Волгоград;;;;2025-06-26
421;211;Москва;;;;2025-06-26
422;211;Волгоград;;;;2025-06-26
423;212;Москва;5700;6500;4;2025-06-26
424;212;Волгоград;;7500;;2025-06-26
425;213;Москва;;;;2025-06-26
426;213;Волгоград;;;;2025-06-26
427;214;Москва;5725;6500;9;2025-06-26
428;214;Волгоград;5250;7500;2;2025-06-26
429;215;Москва;4200;6250;;2025-06-26
430;215;Волгоград;;7000;;2025-06-26
431;216;Москва;5600;5000;15;2025-06-26
432;216;Волгоград;5675;6250;8;2025-06-26
433;217;Москва;5575;6500;32;2025-06-26
434;217;Волгоград;5900;7500;8;2025-06-26
435;218;Москва;;;;2025-06-26
436;218;Волгоград;;;;2025-06-26
437;219;Москва;5100;5750;8;2025-06-26
438;219;Волгоград;5250;6250;2;2025-06-26
439;220;Москва;;;;2025-06-26
440;220;Волгоград;;;;2025-06-26
441;221;Москва;;6250;;2025-06-26
442;221;Волгоград;;6500;;2025-06-26
443;222;Москва;;5250;;2025-06-26
444;222;Волгоград;;5750;;2025-06-26
445;223;Москва;;5000;;2025-06-26
446;223;Волгоград;;;;2025-06-26
447;224;Москва;;;;2025-06-26
448;224;Волгоград;;;;2025-06-26
449;225;Москва;6100;7000;12;2025-06-26
450;225;Волгоград;6250;7500;4;2025-06-26
451;226;Москва;;;;2025-06-26
452;226;Волгоград;;;;2025-06-26
453;227;Москва;;;;2025-06-26
454;227;Волгоград;;;;2025-06-26
455;228;Москва;;6000;;2025-06-26
456;228;Волгоград;;;;2025-06-26
457;229;Москва;;;;2025-06-26
458;229;Волгоград;;;;2025-06-26
459;230;Москва;5700;6125;24;2025-06-26
460;230;Волгоград;5350;7250;4;2025-06-26
461;231;Москва;;;;2025-06-26
462;231;Волгоград;;;;2025-06-26
463;232;Москва;;;;2025-06-26
464;232;Волгоград;;;;2025-06-26
465;233;Москва;;5750;;2025-06-26
466;233;Волгоград;;6750;;2025-06-26
467;234;Москва;;;;2025-06-26
468;234;Волгоград;;;;2025-06-26
469;235;Москва;;;;2025-06-26
470;235;Волгоград;;;;2025-06-26
471;236;Москва;;;;2025-06-26
472;236;Волгоград;;;;2025-06-26
473;237;Москва;4825;6000;13;2025-06-26
474;237;Волгоград;5000;6500;4;2025-06-26
475;238;Москва;;;;2025-06-26
476;238;Волгоград;;;;2025-06-26
477;239;Москва;5850;6000;;2025-06-26
478;239;Волгоград;6000;6500;4;2025-06-26
479;240;Москва;;;;2025-06-26
480;240;Волгоград;;;;2025-06-26
481;241;Москва;6600;8000;;2025-06-26
482;241;Волгоград;;8000;;2025-06-26
483;242;Москва;;;;2025-06-26
484;242;Волгоград;;;;2025-06-26
485;243;Москва;6100;6500;12;2025-06-26
486;243;Волгоград;6250;7500;4;2025-06-26
487;244;Москва;;;;2025-06-26
488;244;Волгоград;;;;2025-06-26
489;245;Москва;;;;2025-06-26
490;245;Волгоград;;;;2025-06-26
491;246;Москва;;;;2025-06-26
492;246;Волгоград;;;;2025-06-26
493;247;Москва;5500;6500;4;2025-06-26
494;247;Волгоград;;7000;;2025-06-26
495;248;Москва;;;;2025-06-26
496;248;Волгоград;;;;2025-06-26
497;249;Москва;;;;2025-06-26
498;249;Волгоград;;;;2025-06-26
499;250;Москва;6100;6250;10;2025-06-26
500;250;Волгоград;6250;7000;;2025-06-26
501;251;Москва;;;;2025-06-26
502;251;Волгоград;;;;2025-06-26
503;252;Москва;;;;2025-06-26
504;252;Волгоград;;;;2025-06-26
505;253;Москва;;6000;;2025-06-26
506;253;Волгоград;;6500;;2025-06-26
507;254;Москва;;;;2025-06-26
508;254;Волгоград;;;;2025-06-26
509;255;Москва;5600;7000;8;2025-06-26
510;255;Волгоград;5250;8000;;2025-06-26
511;256;Москва;6100;6825;4;2025-06-26
512;256;Волгоград;7050;8000;4;2025-06-26
513;257;Москва;;;;2025-06-26
514;257;Волгоград;;;;2025-06-26
515;258;Москва;;;;2025-06-26
516;258;Волгоград;;;;2025-06-26
517;259;Москва;6150;6500;;2025-06-26
518;259;Волгоград;;7500;;2025-06-26
519;260;Москва;5650;8000;;2025-06-26
520;260;Волгоград;5800;8000;;2025-06-26
521;261;Москва;6150;7250;8;2025-06-26
522;261;Волгоград;;8000;;2025-06-26
523;262;Москва;;;;2025-06-26
524;262;Волгоград;;;;2025-06-26
525;263;Москва;;;;2025-06-26
526;263;Волгоград;;;;2025-06-26
527;264;Москва;;;;2025-06-26
528;264;Волгоград;;;;2025-06-26
529;265;Москва;;8000;;2025-06-26
530;265;Волгоград;;8500;;2025-06-26
531;266;Москва;;;;2025-06-26
532;266;Волгоград;;;;2025-06-26
533;267;Москва;;7500;;2025-06-26
534;267;Волгоград;;;;2025-06-26
535;268;Москва;5750;7000;2;2025-06-26
536;268;Волгоград;;8000;;2025-06-26
537;269;Москва;7300;6750;4;2025-06-26
538;269;Волгоград;5500;8000;4;2025-06-26
539;270;Москва;5900;7000;8;2025-06-26
540;270;Волгоград;;8000;;2025-06-26
541;271;Москва;5700;6500;4;2025-06-26
542;271;Волгоград;;7500;;2025-06-26
543;272;Москва;6800;6500;;2025-06-26
544;272;Волгоград;;7500;;2025-06-26
545;273;Москва;;7750;;2025-06-26
546;273;Волгоград;;8500;;2025-06-26
547;274;Москва;;;;2025-06-26
548;274;Волгоград;;;;2025-06-26
549;275;Москва;;;;2025-06-26
550;275;Волгоград;;;;2025-06-26
551;276;Москва;;;;2025-06-26
552;276;Волгоград;;;;2025-06-26
553;277;Москва;6650;7000;;2025-06-26
554;277;Волгоград;;8000;;2025-06-26
555;278;Москва;;;;2025-06-26
556;278;Волгоград;;;;2025-06-26
557;279;Москва;;;;2025-06-26
558;279;Волгоград;;;;2025-06-26
559;280;Москва;;;;2025-06-26
560;280;Волгоград;;;;2025-06-26
561;281;Москва;;;;2025-06-26
562;281;Волгоград;;;;2025-06-26
563;282;Москва;;;;2025-06-26
564;282;Волгоград;;;;2025-06-26
565;283;Москва;;;;2025-06-26
566;283;Волгоград;;;;2025-06-26
567;284;Москва;;;;2025-06-26
568;284;Волгоград;;;;2025-06-26
569;285;Москва;;;;2025-06-26
570;285;Волгоград;;;;2025-06-26
571;286;Москва;6000;6000;14;2025-06-26
572;286;Волгоград;6150;7000;4;2025-06-26
573;287;Москва;;;;2025-06-26
574;287;Волгоград;;;;2025-06-26
575;288;Москва;;;;2025-06-26
576;288;Волгоград;;;;2025-06-26
577;289;Москва;;;;2025-06-26
578;289;Волгоград;;;;2025-06-26
579;290;Москва;;;;2025-06-26
580;290;Волгоград;;;;2025-06-26
581;291;Москва;7000;6000;;2025-06-26
582;291;Волгоград;5150;7000;4;2025-06-26
583;292;Москва;;;;2025-06-26
584;292;Волгоград;;;;2025-06-26
585;293;Москва;5900;4800;8;2025-06-26
586;293;Волгоград;6050;6500;4;2025-06-26
587;294;Москва;;;;2025-06-26
588;294;Волгоград;;;;2025-06-26
589;295;Москва;;;;2025-06-26
590;295;Волгоград;;;;2025-06-26
591;296;Москва;5550;6500;4;2025-06-26
592;296;Волгоград;;;;2025-06-26
593;297;Москва;;;;2025-06-26
594;297;Волгоград;;;;2025-06-26
595;298;Москва;6300;7750;11;2025-06-26
596;298;Волгоград;6350;8500;4;2025-06-26
597;299;Москва;;;;2025-06-26
598;299;Волгоград;;;;2025-06-26
599;300;Москва;;;;2025-06-26
600;300;Волгоград;4250;6750;2;2025-06-26
601;301;Москва;5050;6000;6;2025-06-26
602;301;Волгоград;4850;6750;4;2025-06-26
603;302;Москва;;;;2025-06-26
604;302;Волгоград;;;;2025-06-26
605;303;Москва;;;;2025-06-26
606;303;Волгоград;;;;2025-06-26
607;304;Москва;;;;2025-06-26
608;304;Волгоград;;;;2025-06-26
609;305;Москва;;;;2025-06-26
610;305;Волгоград;6500;7250;1;2025-06-26
611;306;Москва;5450;6500;54;2025-06-26
612;306;Волгоград;6450;7250;4;2025-06-26
613;307;Москва;;;;2025-06-26
614;307;Волгоград;;;;2025-06-26
615;308;Москва;;;;2025-06-26
616;308;Волгоград;;;;2025-06-26
617;309;Москва;;6500;;2025-06-26
618;309;Волгоград;;7000;;2025-06-26
619;310;Москва;;6750;;2025-06-26
620;310;Волгоград;4850;7750;2;2025-06-26
621;311;Москва;6800;6625;14;2025-06-26
622;311;Волгоград;5600;7500;4;2025-06-26
623;312;Москва;6325;6250;4;2025-06-26
624;312;Волгоград;;7500;;2025-06-26
625;313;Москва;5650;6250;;2025-06-26
626;313;Волгоград;;7000;;2025-06-26
627;314;Москва;5750;6250;14;2025-06-26
628;314;Волгоград;;7000;;2025-06-26
629;315;Москва;5300;6250;2;2025-06-26
630;315;Волгоград;;7000;;2025-06-26
631;316;Москва;;;;2025-06-26
632;316;Волгоград;;;;2025-06-26
633;317;Москва;;;;2025-06-26
634;317;Волгоград;;;;2025-06-26
635;318;Москва;;;;2025-06-26
636;318;Волгоград;;;;2025-06-26
637;319;Москва;;;;2025-06-26
638;319;Волгоград;;;;2025-06-26
639;320;Москва;7075;7000;10;2025-06-26
640;320;Волгоград;;8000;;2025-06-26
641;321;Москва;;;;2025-06-26
642;321;Волгоград;;;;2025-06-26
643;322;Москва;7525;7250;6;2025-06-26
644;322;Волгоград;7700;8000;2;2025-06-26
645;323;Москва;;;;2025-06-26
646;323;Волгоград;;;;2025-06-26
647;324;Москва;6700;8000;4;2025-06-26
648;324;Волгоград;;9000;;2025-06-26
649;325;Москва;;;;2025-06-26
650;325;Волгоград;;;;2025-06-26
651;326;Москва;;;;2025-06-26
652;326;Волгоград;;;;2025-06-26
653;327;Москва;5250;7250;8;2025-06-26
654;327;Волгоград;;8000;;2025-06-26
655;328;Москва;7050;6750;10;2025-06-26
656;328;Волгоград;7200;8000;4;2025-06-26
657;329;Москва;;7000;;2025-06-26
658;329;Волгоград;;8000;;2025-06-26
659;330;Москва;;;;2025-06-26
660;330;Волгоград;;;;2025-06-26
661;331;Москва;6700;7000;4;2025-06-26
662;331;Волгоград;;8000;;2025-06-26
663;332;Москва;7000;7250;8;2025-06-26
664;332;Волгоград;7150;8500;4;2025-06-26
665;333;Москва;;;;2025-06-26
666;333;Волгоград;;;;2025-06-26
667;334;Москва;;7500;;2025-06-26
668;334;Волгоград;5650;8000;4;2025-06-26
669;335;Москва;;;;2025-06-26
670;335;Волгоград;;;;2025-06-26
671;336;Москва;;;;2025-06-26
672;336;Волгоград;;;;2025-06-26
673;337;Москва;9700;10250;;2025-06-26
674;337;Волгоград;;11000;;2025-06-26
675;338;Москва;7500;10250;;2025-06-26
676;338;Волгоград;;11000;;2025-06-26
677;339;Москва;;;;2025-06-26
678;339;Волгоград;;;;2025-06-26
679;340;Москва;;;;2025-06-26
680;340;Волгоград;;;;2025-06-26
681;341;Москва;;;;2025-06-26
682;341;Волгоград;;;;2025-06-26
683;342;Москва;;;;2025-06-26
684;342;Волгоград;;;;2025-06-26
685;343;Москва;8650;7750;12;2025-06-26
686;343;Волгоград;;9000;;2025-06-26
687;344;Москва;;;;2025-06-26
688;344;Волгоград;;;;2025-06-26
689;345;Москва;;;;2025-06-26
690;345;Волгоград;;;;2025-06-26
691;346;Москва;;;;2025-06-26
692;346;Волгоград;;;;2025-06-26
693;347;Москва;;;;2025-06-26
694;347;Волгоград;;;;2025-06-26
695;348;Москва;;;;2025-06-26
696;348;Волгоград;;;;2025-06-26
697;349;Москва;7900;8250;4;2025-06-26
698;349;Волгоград;;9000;;2025-06-26
699;350;Москва;;9000;;2025-06-26
700;350;Волгоград;;9500;;2025-06-26
701;351;Москва;;;;2025-06-26
702;351;Волгоград;;;;2025-06-26
703;352;Москва;;;;2025-06-26
704;352;Волгоград;;;;2025-06-26
705;353;Москва;;;;2025-06-26
706;353;Волгоград;;;;2025-06-26
707;354;Москва;;;;2025-06-26
708;354;Волгоград;;;;2025-06-26
709;355;Москва;7400;7250;8;2025-06-26
710;355;Волгоград;5550;8000;8;2025-06-26
711;356;Москва;;;;2025-06-26
712;356;Волгоград;;;;2025-06-26
713;357;Москва;;8250;;2025-06-26
714;357;Волгоград;;;;2025-06-26
715;358;Москва;7150;7500;4;2025-06-26
716;358;Волгоград;;8500;;2025-06-26
717;359;Москва;;;;2025-06-26
718;359;Волгоград;;;;2025-06-26
719;360;Москва;;;;2025-06-26
720;360;Волгоград;;;;2025-06-26
721;361;Москва;;;;2025-06-26
722;361;Волгоград;;;;2025-06-26
723;362;Москва;;;;2025-06-26
724;362;Волгоград;;;;2025-06-26
725;363;Москва;;;;2025-06-26
726;363;Волгоград;;;;2025-06-26
727;364;Москва;;;;2025-06-26
728;364;Волгоград;;;;2025-06-26
729;365;Москва;;6250;;2025-06-26
730;365;Волгоград;;7500;;2025-06-26
731;366;Москва;;6750;;2025-06-26
732;366;Волгоград;;8000;;2025-06-26
733;367;Москва;;;;2025-06-26
734;367;Волгоград;;;;2025-06-26
735;368;Москва;6600;6500;2;2025-06-26
736;368;Волгоград;;7500;;2025-06-26
737;369;Москва;;;;2025-06-26
738;369;Волгоград;;;;2025-06-26
739;370;Москва;;;;2025-06-26
740;370;Волгоград;;;;2025-06-26
741;371;Москва;6250;6250;31;2025-06-26
742;371;Волгоград;6000;7000;4;2025-06-26
743;372;Москва;;;;2025-06-26
744;372;Волгоград;;;;2025-06-26
745;373;Москва;;;;2025-06-26
746;373;Волгоград;;;;2025-06-26
747;374;Москва;;;;2025-06-26
748;374;Волгоград;;;;2025-06-26
749;375;Москва;6500;7750;37;2025-06-26
750;375;Волгоград;5750;8750;4;2025-06-26
751;376;Москва;6100;8000;7;2025-06-26
752;376;Волгоград;6000;9000;4;2025-06-26
753;377;Москва;;;;2025-06-26
754;377;Волгоград;;;;2025-06-26
755;378;Москва;6250;6000;4;2025-06-26
756;378;Волгоград;6700;7000;2;2025-06-26
757;379;Москва;4850;6250;4;2025-06-26
758;379;Волгоград;5000;6750;2;2025-06-26
759;380;Москва;;;;2025-06-26
760;380;Волгоград;;;;2025-06-26
761;381;Москва;5350;5500;20;2025-06-26
762;381;Волгоград;5500;6500;4;2025-06-26
763;382;Москва;;;;2025-06-26
764;382;Волгоград;;;;2025-06-26
765;383;Москва;;;;2025-06-26
766;383;Волгоград;;;;2025-06-26
767;384;Москва;;6000;;2025-06-26
768;384;Волгоград;;6500;;2025-06-26
769;385;Москва;;;;2025-06-26
770;385;Волгоград;;;;2025-06-26
771;386;Москва;6400;6750;12;2025-06-26
772;386;Волгоград;6050;8000;;2025-06-26
773;387;Москва;;;;2025-06-26
774;387;Волгоград;;;;2025-06-26
775;388;Москва;;;;2025-06-26
776;388;Волгоград;;;;2025-06-26
777;389;Москва;5700;7000;;2025-06-26
778;389;Волгоград;5650;8000;4;2025-06-26
779;390;Москва;6500;7250;9;2025-06-26
780;390;Волгоград;6650;8000;2;2025-06-26
781;391;Москва;;;;2025-06-26
782;391;Волгоград;;;;2025-06-26
783;392;Москва;;6000;;2025-06-26
784;392;Волгоград;;7000;;2025-06-26
785;393;Москва;5250;6000;10;2025-06-26
786;393;Волгоград;5400;7000;4;2025-06-26
787;394;Москва;;;;2025-06-26
788;394;Волгоград;;;;2025-06-26
789;395;Москва;;;;2025-06-26
790;395;Волгоград;;;;2025-06-26
791;396;Москва;5875;5500;10;2025-06-26
792;396;Волгоград;4950;6750;4;2025-06-26
793;397;Москва;6800;6250;6;2025-06-26
794;397;Волгоград;6950;7500;4;2025-06-26
795;398;Москва;;;;2025-06-26
796;398;Волгоград;;;;2025-06-26
797;399;Москва;;;;2025-06-26
798;399;Волгоград;;;;2025-06-26
799;400;Москва;;;;2025-06-26
800;400;Волгоград;;;;2025-06-26
801;401;Москва;7200;10000;10;2025-06-26
802;401;Волгоград;7350;11000;4;2025-06-26
803;402;Москва;6100;10000;;2025-06-26
804;402;Волгоград;;10000;;2025-06-26
805;403;Москва;;;;2025-06-26
806;403;Волгоград;;;;2025-06-26
807;404;Москва;;;;2025-06-26
808;404;Волгоград;;;;2025-06-26
809;405;Москва;;;;2025-06-26
810;405;Волгоград;6900;7500;2;2025-06-26
811;406;Москва;7525;6500;10;2025-06-26
812;406;Волгоград;6700;7500;4;2025-06-26
813;407;Москва;;;;2025-06-26
814;407;Волгоград;;;;2025-06-26
815;408;Москва;9225;10000;4;2025-06-26
816;408;Волгоград;;11000;;2025-06-26
817;409;Москва;;;;2025-06-26
818;409;Волгоград;;;;2025-06-26
819;410;Москва;;;;2025-06-26
820;410;Волгоград;;;;2025-06-26
821;411;Москва;7550;6500;4;2025-06-26
822;411;Волгоград;7700;8000;4;2025-06-26
823;412;Москва;;;;2025-06-26
824;412;Волгоград;;;;2025-06-26
825;413;Москва;;;;2025-06-26
826;413;Волгоград;;;;2025-06-26
827;414;Москва;7150;7875;;2025-06-26
828;414;Волгоград;;9000;;2025-06-26
829;415;Москва;;;;2025-06-26
830;415;Волгоград;;;;2025-06-26
831;416;Москва;;;;2025-06-26
832;416;Волгоград;;;;2025-06-26
833;417;Москва;;;;2025-06-26
834;417;Волгоград;;;;2025-06-26
835;418;Москва;;;;2025-06-26
836;418;Волгоград;;;;2025-06-26
837;419;Москва;7600;9000;4;2025-06-26
838;419;Волгоград;6700;10000;4;2025-06-26
839;420;Москва;;;;2025-06-26
840;420;Волгоград;;;;2025-06-26
841;421;Москва;;;;2025-06-26
842;421;Волгоград;;;;2025-06-26
843;422;Москва;;;;2025-06-26
844;422;Волгоград;;;;2025-06-26
845;423;Москва;;;;2025-06-26
846;423;Волгоград;;;;2025-06-26
847;424;Москва;;;;2025-06-26
848;424;Волгоград;;;;2025-06-26
849;425;Москва;6950;7500;4;2025-06-26
850;425;Волгоград;;8500;;2025-06-26
851;426;Москва;;;;2025-06-26
852;426;Волгоград;;;;2025-06-26
853;427;Москва;;;;2025-06-26
854;427;Волгоград;;;;2025-06-26
855;428;Москва;;8000;;2025-06-26
856;428;Волгоград;;;;2025-06-26
857;429;Москва;;7500;;2025-06-26
858;429;Волгоград;;9000;;2025-06-26
859;430;Москва;;;;2025-06-26
860;430;Волгоград;;;;2025-06-26
861;431;Москва;;;;2025-06-26
862;431;Волгоград;;;;2025-06-26
863;432;Москва;5850;6750;4;2025-06-26
864;432;Волгоград;;7500;;2025-06-26
865;433;Москва;;;;2025-06-26
866;433;Волгоград;;;;2025-06-26
867;434;Москва;5600;11000;;2025-06-26
868;434;Волгоград;;11500;;2025-06-26
869;435;Москва;5000;6750;;2025-06-26
870;435;Волгоград;;8000;;2025-06-26
871;436;Москва;;;;2025-06-26
872;436;Волгоград;;;;2025-06-26
873;437;Москва;6525;6000;14;2025-06-26
874;437;Волгоград;5600;6750;6;2025-06-26
875;438;Москва;;;;2025-06-26
876;438;Волгоград;;;;2025-06-26
877;439;Москва;5950;6500;2;2025-06-26
878;439;Волгоград;6300;7500;2;2025-06-26
879;440;Москва;;;;2025-06-26
880;440;Волгоград;;;;2025-06-26
881;441;Москва;;;;2025-06-26
882;441;Волгоград;;;;2025-06-26
883;442;Москва;7250;7000;8;2025-06-26
884;442;Волгоград;5750;7500;8;2025-06-26
885;443;Москва;;;;2025-06-26
886;443;Волгоград;;;;2025-06-26
887;444;Москва;;;;2025-06-26
888;444;Волгоград;;;;2025-06-26
889;445;Москва;5600;6500;4;2025-06-26
890;445;Волгоград;5600;7500;2;2025-06-26
891;446;Москва;;;;2025-06-26
892;446;Волгоград;;;;2025-06-26
893;447;Москва;;;;2025-06-26
894;447;Волгоград;;;;2025-06-26
895;448;Москва;;;;2025-06-26
896;448;Волгоград;;;;2025-06-26
897;449;Москва;;;;2025-06-26
898;449;Волгоград;;;;2025-06-26
899;450;Москва;5900;6750;14;2025-06-26
900;450;Волгоград;5850;7500;4;2025-06-26
901;451;Москва;;;;2025-06-26
902;451;Волгоград;;;;2025-06-26
903;452;Москва;;;;2025-06-26
904;452;Волгоград;;;;2025-06-26
905;453;Москва;;;;2025-06-26
906;453;Волгоград;;;;2025-06-26
907;454;Москва;;;;2025-06-26
908;454;Волгоград;;;;2025-06-26
909;455;Москва;6575;7500;8;2025-06-26
910;455;Волгоград;;9000;;2025-06-26
911;456;Москва;;;;2025-06-26
912;456;Волгоград;;;;2025-06-26
913;457;Москва;4150;5750;4;2025-06-26
914;457;Волгоград;;7000;;2025-06-26
915;458;Москва;;;;2025-06-26
916;458;Волгоград;;;;2025-06-26
917;459;Москва;;;;2025-06-26
918;459;Волгоград;;;;2025-06-26
919;460;Москва;6350;6000;;2025-06-26
920;460;Волгоград;;7000;;2025-06-26
921;461;Москва;;;;2025-06-26
922;461;Волгоград;;;;2025-06-26
923;462;Москва;;;;2025-06-26
924;462;Волгоград;;;;2025-06-26
925;463;Москва;;;;2025-06-26
926;463;Волгоград;;;;2025-06-26
927;464;Москва;6750;10000;15;2025-06-26
928;464;Волгоград;7550;10500;3;2025-06-26
929;465;Москва;;;;2025-06-26
930;465;Волгоград;;;;2025-06-26
931;466;Москва;6050;8750;;2025-06-26
932;466;Волгоград;;9500;;2025-06-26
933;467;Москва;;;;2025-06-26
934;467;Волгоград;;;;2025-06-26
935;468;Москва;7100;10000;6;2025-06-26
936;468;Волгоград;;11500;;2025-06-26
937;469;Москва;;;;2025-06-26
938;469;Волгоград;;;;2025-06-26
939;470;Москва;;9000;;2025-06-26
940;470;Волгоград;;10000;;2025-06-26
941;471;Москва;6750;11500;4;2025-06-26
942;471;Волгоград;;12500;;2025-06-26
943;472;Москва;;;;2025-06-26
944;472;Волгоград;;;;2025-06-26
945;473;Москва;;7900;;2025-06-26
946;473;Волгоград;;8500;;2025-06-26
947;474;Москва;;;;2025-06-26
948;474;Волгоград;;;;2025-06-26
949;475;Москва;;;;2025-06-26
950;475;Волгоград;;;;2025-06-26
951;476;Москва;8575;9500;4;2025-06-26
952;476;Волгоград;;10500;;2025-06-26
953;477;Москва;6800;9000;1;2025-06-26
954;477;Волгоград;;10500;;2025-06-26
955;478;Москва;;;;2025-06-26
956;478;Волгоград;;;;2025-06-26
957;479;Москва;;12500;;2025-06-26
958;479;Волгоград;;;;2025-06-26
959;480;Москва;9550;12500;4;2025-06-26
960;480;Волгоград;7800;13000;4;2025-06-26
961;481;Москва;;;;2025-06-26
962;481;Волгоград;;;;2025-06-26
963;482;Москва;;;;2025-06-26
964;482;Волгоград;;;;2025-06-26
965;483;Москва;7700;8250;4;2025-06-26
966;483;Волгоград;;9500;;2025-06-26
967;484;Москва;;;;2025-06-26
968;484;Волгоград;;;;2025-06-26
969;485;Москва;;;;2025-06-26
970;485;Волгоград;;;;2025-06-26
971;486;Москва;;;;2025-06-26
972;486;Волгоград;;;;2025-06-26
973;487;Москва;;;;2025-06-26
974;487;Волгоград;;;;2025-06-26
975;488;Москва;;;;2025-06-26
976;488;Волгоград;;;;2025-06-26
977;489;Москва;;;;2025-06-26
978;489;Волгоград;;;;2025-06-26
979;490;Москва;;;;2025-06-26
980;490;Волгоград;;;;2025-06-26
981;491;Москва;6450;8000;4;2025-06-26
982;491;Волгоград;;9000;;2025-06-26
983;492;Москва;;7875;;2025-06-26
984;492;Волгоград;;9500;;2025-06-26
985;493;Москва;;;;2025-06-26
986;493;Волгоград;;;;2025-06-26
987;494;Москва;;;;2025-06-26
988;494;Волгоград;;;;2025-06-26
989;495;Москва;;;;2025-06-26
990;495;Волгоград;;;;2025-06-26
991;496;Москва;;;;2025-06-26
992;496;Волгоград;;;;2025-06-26
993;497;Москва;;;;2025-06-26
994;497;Волгоград;;;;2025-06-26
995;498;Москва;;;;2025-06-26
996;498;Волгоград;;;;2025-06-26
997;499;Москва;6200;6250;14;2025-06-26
998;499;Волгоград;6350;7500;2;2025-06-26
999;500;Москва;;;;2025-06-26
1000;500;Волгоград;;;;2025-06-26
1001;501;Москва;;;;2025-06-26
1002;501;Волгоград;;;;2025-06-26
1003;502;Москва;6350;6400;2;2025-06-26
1004;502;Волгоград;6500;7250;2;2025-06-26
1005;503;Москва;;;;2025-06-26
1006;503;Волгоград;;;;2025-06-26
1007;504;Москва;;;;2025-06-26
1008;504;Волгоград;;;;2025-06-26
1009;505;Москва;5125;6500;4;2025-06-26
1010;505;Волгоград;;7500;;2025-06-26
1011;506;Москва;;;;2025-06-26
1012;506;Волгоград;;;;2025-06-26
1013;507;Москва;5600;6750;2;2025-06-26
1014;507;Волгоград;6250;7750;2;2025-06-26
1015;508;Москва;;;;2025-06-26
1016;508;Волгоград;;;;2025-06-26
1017;509;Москва;7000;7500;4;2025-06-26
1018;509;Волгоград;6600;9000;4;2025-06-26
1019;510;Москва;5600;9750;;2025-06-26
1020;510;Волгоград;;11500;;2025-06-26
1021;511;Москва;;;;2025-06-26
1022;511;Волгоград;;;;2025-06-26
1023;512;Москва;;;;2025-06-26
1024;512;Волгоград;;;;2025-06-26
1025;513;Москва;6950;9000;1;2025-06-26
1026;513;Волгоград;;10000;;2025-06-26
1027;514;Москва;;;;2025-06-26
1028;514;Волгоград;;;;2025-06-26
1029;515;Москва;;;;2025-06-26
1030;515;Волгоград;;;;2025-06-26
1031;516;Москва;7625;11000;;2025-06-26
1032;516;Волгоград;;12000;;2025-06-26
1033;517;Москва;;;;2025-06-26
1034;517;Волгоград;;;;2025-06-26
1035;518;Москва;;;;2025-06-26
1036;518;Волгоград;;;;2025-06-26
1037;519;Москва;8425;7750;5;2025-06-26
1038;519;Волгоград;6850;9000;;2025-06-26
1039;520;Москва;7525;10750;;2025-06-26
1040;520;Волгоград;;11750;;2025-06-26
1041;521;Москва;;;;2025-06-26
1042;521;Волгоград;;;;2025-06-26
1043;522;Москва;;;;2025-06-26
1044;522;Волгоград;;;;2025-06-26
1045;523;Москва;;10000;;2025-06-26
1046;523;Волгоград;;10500;;2025-06-26
1047;524;Москва;;;;2025-06-26
1048;524;Волгоград;;;;2025-06-26
1049;525;Москва;;;;2025-06-26
1050;525;Волгоград;;;;2025-06-26
1051;526;Москва;7440;9250;8;2025-06-26
1052;526;Волгоград;;10500;;2025-06-26
1053;527;Москва;8450;9250;8;2025-06-26
1054;527;Волгоград;7900;10500;4;2025-06-26
1055;528;Москва;;;;2025-06-26
1056;528;Волгоград;;;;2025-06-26
1057;529;Москва;;;;2025-06-26
1058;529;Волгоград;;;;2025-06-26
1059;530;Москва;;11500;;2025-06-26
1060;530;Волгоград;;12000;;2025-06-26
1061;531;Москва;8000;10000;4;2025-06-26
1062;531;Волгоград;;11000;;2025-06-26
1063;532;Москва;;;;2025-06-26
1064;532;Волгоград;;;;2025-06-26
1065;533;Москва;;12000;;2025-06-26
1066;533;Волгоград;;12500;;2025-06-26
1067;534;Москва;8525;8500;4;2025-06-26
1068;534;Волгоград;9100;9500;4;2025-06-26
1069;535;Москва;8000;8750;8;2025-06-26
1070;535;Волгоград;;10000;;2025-06-26
1071;536;Москва;;;;2025-06-26
1072;536;Волгоград;;;;2025-06-26
1073;537;Москва;;;;2025-06-26
1074;537;Волгоград;;;;2025-06-26
1075;538;Москва;;;;2025-06-26
1076;538;Волгоград;;;;2025-06-26
1077;539;Москва;;;;2025-06-26
1078;539;Волгоград;;;;2025-06-26
1079;540;Москва;7000;7000;6;2025-06-26
1080;540;Волгоград;7150;7500;2;2025-06-26
1081;541;Москва;;;;2025-06-26
1082;541;Волгоград;;;;2025-06-26
1083;542;Москва;;11500;;2025-06-26
1084;542;Волгоград;7000;12000;2;2025-06-26
1085;543;Москва;8100;10000;2;2025-06-26
1086;543;Волгоград;6650;11000;2;2025-06-26
1087;544;Москва;;;;2025-06-26
1088;544;Волгоград;;;;2025-06-26
1089;545;Москва;;;;2025-06-26
1090;545;Волгоград;;;;2025-06-26
1091;546;Москва;7600;9000;;2025-06-26
1092;546;Волгоград;7750;10000;2;2025-06-26
1093;547;Москва;;;;2025-06-26
1094;547;Волгоград;;;;2025-06-26
1095;548;Москва;5850;7500;2;2025-06-26
1096;548;Волгоград;;8500;;2025-06-26
1097;549;Москва;;;;2025-06-26
1098;549;Волгоград;;;;2025-06-26
1099;550;Москва;7050;8250;6;2025-06-26
1100;550;Волгоград;7200;9500;2;2025-06-26
1101;551;Москва;5950;10000;;2025-06-26
1102;551;Волгоград;;10500;;2025-06-26
1103;552;Москва;;;;2025-06-26
1104;552;Волгоград;;;;2025-06-26
1105;553;Москва;7150;7000;4;2025-06-26
1106;553;Волгоград;7300;8000;2;2025-06-26
1107;554;Москва;;;;2025-06-26
1108;554;Волгоград;;;;2025-06-26
1109;555;Москва;;;;2025-06-26
1110;555;Волгоград;;;;2025-06-26
1111;556;Москва;;9500;;2025-06-26
1112;556;Волгоград;;;;2025-06-26
1113;557;Москва;;;;2025-06-26
1114;557;Волгоград;;;;2025-06-26
1115;558;Москва;;;;2025-06-26
1116;558;Волгоград;;;;2025-06-26
1117;559;Москва;;;;2025-06-26
1118;559;Волгоград;;;;2025-06-26
1119;560;Москва;7900;10000;5;2025-06-26
1120;560;Волгоград;7900;11000;2;2025-06-26
1121;561;Москва;7200;10000;2;2025-06-26
1122;561;Волгоград;;11000;;2025-06-26
1123;562;Москва;;;;2025-06-26
1124;562;Волгоград;;;;2025-06-26
1125;563;Москва;8950;8750;4;2025-06-26
1126;563;Волгоград;;10000;;2025-06-26
1127;564;Москва;;;;2025-06-26
1128;564;Волгоград;;;;2025-06-26
1129;565;Москва;8425;9500;4;2025-06-26
1130;565;Волгоград;;10500;;2025-06-26
1131;566;Москва;;;;2025-06-26
1132;566;Волгоград;;;;2025-06-26
1133;567;Москва;6800;8250;8;2025-06-26
1134;567;Волгоград;8000;9500;4;2025-06-26
1135;568;Москва;;;;2025-06-26
1136;568;Волгоград;;;;2025-06-26
1137;569;Москва;;;;2025-06-26
1138;569;Волгоград;;;;2025-06-26
1139;570;Москва;;;;2025-06-26
1140;570;Волгоград;;;;2025-06-26
1141;571;Москва;;;;2025-06-26
1142;571;Волгоград;;;;2025-06-26
1143;572;Москва;;;;2025-06-26
1144;572;Волгоград;;;;2025-06-26
1145;573;Москва;;;;2025-06-26
1146;573;Волгоград;;;;2025-06-26
1147;574;Москва;;;;2025-06-26
1148;574;Волгоград;;;;2025-06-26
1149;575;Москва;;;;2025-06-26
1150;575;Волгоград;;;;2025-06-26
1151;576;Москва;9700;9250;12;2025-06-26
1152;576;Волгоград;;10500;;2025-06-26
1153;577;Москва;;;;2025-06-26
1154;577;Волгоград;;;;2025-06-26
1155;578;Москва;;;;2025-06-26
1156;578;Волгоград;;;;2025-06-26
1157;579;Москва;;;;2025-06-26
1158;579;Волгоград;;;;2025-06-26
1159;580;Москва;;;;2025-06-26
1160;580;Волгоград;;;;2025-06-26
1161;581;Москва;;;;2025-06-26
1162;581;Волгоград;;;;2025-06-26
1163;582;Москва;7875;12000;4;2025-06-26
1164;582;Волгоград;;13500;;2025-06-26
1165;583;Москва;;;;2025-06-26
1166;583;Волгоград;;;;2025-06-26
1167;584;Москва;;;;2025-06-26
1168;584;Волгоград;;;;2025-06-26
1169;585;Москва;7700;10500;4;2025-06-26
1170;585;Волгоград;;11500;;2025-06-26
1171;586;Москва;;;;2025-06-26
1172;586;Волгоград;;;;2025-06-26
1173;587;Москва;;;;2025-06-26
1174;587;Волгоград;;;;2025-06-26
1175;588;Москва;8625;9000;4;2025-06-26
1176;588;Волгоград;;10000;;2025-06-26
1177;589;Москва;;;;2025-06-26
1178;589;Волгоград;;;;2025-06-26
1179;590;Москва;8550;10250;8;2025-06-26
1180;590;Волгоград;8450;12500;4;2025-06-26
1181;591;Москва;;;;2025-06-26
1182;591;Волгоград;;;;2025-06-26
1183;592;Москва;;;;2025-06-26
1184;592;Волгоград;;;;2025-06-26
1185;593;Москва;;;;2025-06-26
1186;593;Волгоград;;;;2025-06-26
1187;594;Москва;;;;2025-06-26
1188;594;Волгоград;;;;2025-06-26
1189;595;Москва;;9500;;2025-06-26
1190;595;Волгоград;;11000;;2025-06-26
1191;596;Москва;;;;2025-06-26
1192;596;Волгоград;;;;2025-06-26
1193;597;Москва;8150;9000;4;2025-06-26
1194;597;Волгоград;;11000;;2025-06-26
1195;598;Москва;8800;11500;4;2025-06-26
1196;598;Волгоград;;12500;;2025-06-26
1197;599;Москва;;;;2025-06-26
1198;599;Волгоград;;;;2025-06-26
1199;600;Москва;;;;2025-06-26
1200;600;Волгоград;;;;2025-06-26
1201;601;Москва;;;;2025-06-26
1202;601;Волгоград;;;;2025-06-26
1203;602;Москва;;;;2025-06-26
1204;602;Волгоград;;;;2025-06-26
1205;603;Москва;;;;2025-06-26
1206;603;Волгоград;;;;2025-06-26
1207;604;Москва;8875;12000;10;2025-06-26
1208;604;Волгоград;9450;13000;4;2025-06-26
