id;article;name;brand;model;size;load_index;speed_index;season;vehicle_type;tread_depth;section_width;recommended_rim_width;diameter;country;description
1;TR99915513;TR999 155R13;Triangle;TR999;155R13;;;Лето;Легковой;7.5;155;5;15;Китай;Бюджетная летняя шина для легковых авто
2;TR2681756514;TR268 175/65R14;Triangle;TR268;175/65R14;;;Лето;Легковой;7.5;175;5;17;Китай;Бюджетная летняя шина для легковых авто
3;TE3011756514;TE301 175/65R14;Triangle;TE301;175/65R14;;;Лето;Легковой;7.5;175;5;17;Китай;Бюджетная летняя шина для легковых авто
4;TR9281757013;TR928 175/70R13;Triangle;TR928;175/70R13;;;Лето;Легковой;7.5;175;5;17;Китай;Бюджетная летняя шина для легковых авто
5;TE3011757013;TE301 175/70R13;Triangle;TE301;175/70R13;;;Лето;Легковой;7.5;175;5;17;Китай;Бюджетная летняя шина для легковых авто
6;TR9281757014;TR928 175/70R14;Triangle;TR928;175/70R14;;;Лето;Легковой;7.5;175;5;17;Китай;Бюджетная летняя шина для легковых авто
7;TE3011757014;TE301 175/70R14;Triangle;TE301;175/70R14;;;Лето;Легковой;7.5;175;5;17;Китай;Бюджетная летняя шина для легковых авто
8;TC1011855515;TC101 185/55R15;Triangle;TC101;185/55R15;;;Лето;Легковой;7.5;185;5;18;Китай;Бюджетная летняя шина для легковых авто
9;TE3071855515;TE307 185/55R15;Triangle;TE307;185/55R15;;;Лето;Легковой;7.5;185;5;18;Китай;Бюджетная летняя шина для легковых авто
10;G7451855515;G745 185/55R15;Goform;G745;185/55R15;;;Лето;Легковой;7.5;185;5;18;;Бюджетная летняя шина для легковых авто
11;G6681856014;G668 185/60R14;Goform;G668;185/60R14;;;Лето;Легковой;7.5;185;5;18;;Бюджетная летняя шина для легковых авто
12;TE3071856014;TE307 185/60R14;Triangle;TE307;185/60R14;;;Лето;Легковой;7.5;185;5;18;Китай;Бюджетная летняя шина для легковых авто
13;TR9281856014;TR928 185/60R14;Triangle;TR928;185/60R14;;;Лето;Легковой;7.5;185;5;18;Китай;Бюджетная летняя шина для легковых авто
14;G5201856014;G520 185/60R14;Goform;G520;185/60R14;;;Лето;Легковой;7.5;185;5;18;;Бюджетная летняя шина для легковых авто
15;TС1011856015;TС101 185/60R15;Triangle;TС101;185/60R15;;;Лето;Легковой;7.5;185;5;18;Китай;Бюджетная летняя шина для легковых авто
16;TE3011856015;TE301 185/60R15;Triangle;TE301;185/60R15;;;Лето;Легковой;7.5;185;5;18;Китай;Бюджетная летняя шина для легковых авто
17;TE3071856015;TE307 185/60R15;Triangle;TE307;185/60R15;;;Лето;Легковой;7.5;185;5;18;Китай;Бюджетная летняя шина для легковых авто
18;TR64518514C-8P;TR645 185R14C-8PR;Triangle;TR645;185R14C-8PR;14;C;Лето;Легковой;7.5;185;5;18;Китай;Бюджетная летняя шина для легковых авто
19;TR9281856514;TR928 185/65R14;Triangle;TR928;185/65R14;;;Лето;Легковой;7.5;185;5;18;Китай;Бюджетная летняя шина для легковых авто
20;TE3011856514;TE301 185/65R14;Triangle;TE301;185/65R14;;;Лето;Легковой;7.5;185;5;18;Китай;Бюджетная летняя шина для легковых авто
21;TE3071856514;TE307 185/65R14;Triangle;TE307;185/65R14;;;Лето;Легковой;7.5;185;5;18;Китай;Бюджетная летняя шина для легковых авто
22;TR9281856515;TR928 185/65R15;Triangle;TR928;185/65R15;;;Лето;Легковой;7.5;185;5;18;Китай;Бюджетная летняя шина для легковых авто
23;TC1011856515;TC101 185/65R15;Triangle;TC101;185/65R15;;;Лето;Легковой;7.5;185;5;18;Китай;Бюджетная летняя шина для легковых авто
24;TE3011856515;TE301 185/65R15;Triangle;TE301;185/65R15;;;Лето;Легковой;7.5;185;5;18;Китай;Бюджетная летняя шина для легковых авто
25;TE3071856515;TE307 185/65R15;88H;TE307;185/65R15;88;H;Лето;Легковой;7.5;185;5;18;;Бюджетная летняя шина для легковых авто
26;TX51856515;TX5 185/65R15;Tracmax;TX5;185/65R15;88;H;Лето;Легковой;7.5;185;5;18;;Бюджетная летняя шина для легковых авто
27;CF3001857516C;CF300 185/75R16C;Comforser;CF300;185/75R16C;16;C;Лето;Легковой;7.5;185;5;18;;Бюджетная летняя шина для легковых авто
28;CF3501857516C;CF350 185/75R16C;Comforser;CF350;185/75R16C;16;C;Лето;Легковой;7.5;185;5;18;;Бюджетная летняя шина для легковых авто
29;TR6461857516C;TR646 185/75R16C;Triangle;TR646;185/75R16C;16;C;Лето;Легковой;7.5;185;5;18;Китай;Бюджетная летняя шина для легковых авто
30;TV7011857516С;TV701 185/75R16С;Triangle;TV701;185/75R16С;;;Лето;Легковой;7.5;185;5;18;Китай;Бюджетная летняя шина для легковых авто
31;GH181954515;GH18 195/45R15;Goform;GH18;195/45R15;;;Лето;Легковой;7.5;195;5;19;;Бюджетная летняя шина для легковых авто
32;GH181954516;GH18 195/45R16;Goform;GH18;195/45R16;;;Лето;Легковой;7.5;195;5;19;;Бюджетная летняя шина для легковых авто
33;TH2011954516;TH201 195/45R16;Triangle;TH201;195/45R16;;;Лето;Легковой;7.5;195;5;19;Китай;Бюджетная летняя шина для легковых авто
34;TH2021954516;TH202 195/45R16;84W;TH202;195/45R16;84;W;Лето;Легковой;7.5;195;5;19;;Бюджетная летняя шина для легковых авто
35;TR9181955015;TR918 195/50R15;Triangle;TR918;195/50R15;;;Лето;Легковой;7.5;195;5;19;Китай;Бюджетная летняя шина для легковых авто
36;TE3011955015;TE301 195/50R15;Triangle;TE301;195/50R15;;;Лето;Легковой;7.5;195;5;19;Китай;Бюджетная летняя шина для легковых авто
37;TC1011955015;TC101 195/50R15;Triangle;TC101;195/50R15;;;Лето;Легковой;7.5;195;5;19;Китай;Бюджетная летняя шина для легковых авто
38;TC1011955016;TC101 195/50R16;Triangle;TC101;195/50R16;;;Лето;Легковой;7.5;195;5;19;Китай;Бюджетная летняя шина для легковых авто
39;TC1011955515;TC101 195/55R15;Triangle;TC101;195/55R15;;;Лето;Легковой;7.5;195;5;19;Китай;Бюджетная летняя шина для легковых авто
40;TE3011955515;TE301 195/55R15;Triangle;TE301;195/55R15;;;Лето;Легковой;7.5;195;5;19;Китай;Бюджетная летняя шина для легковых авто
41;G7451955515;G745 195/55R15;Goform;G745;195/55R15;;;Лето;Легковой;7.5;195;5;19;;Бюджетная летняя шина для легковых авто
42;TR9281955515;TR928 195/55R15;Triangle;TR928;195/55R15;;;Лето;Легковой;7.5;195;5;19;Китай;Бюджетная летняя шина для легковых авто
43;TR9181955515;TR918 195/55R15;Triangle;TR918;195/55R15;;;Лето;Легковой;7.5;195;5;19;Китай;Бюджетная летняя шина для легковых авто
44;TE3071955515;TE307 195/55R15;85V;TE307;195/55R15;85;V;Лето;Легковой;7.5;195;5;19;;Бюджетная летняя шина для легковых авто
45;TC1011955516;TC101 195/55R16;Triangle;TC101;195/55R16;;;Лето;Легковой;7.5;195;5;19;Китай;Бюджетная летняя шина для легковых авто
46;TR9781955516;TR978 195/55R16;Triangle;TR978;195/55R16;;;Лето;Легковой;7.5;195;5;19;Китай;Бюджетная летняя шина для легковых авто
47;TE3071955516;TE307 195/55R16;87V;TE307;195/55R16;87;V;Лето;Легковой;7.5;195;5;19;;Бюджетная летняя шина для легковых авто
48;TX51955516;TX5 195/55R16;Tracmax;TX5;195/55R16;87;V;Лето;Легковой;7.5;195;5;19;;Бюджетная летняя шина для легковых авто
49;TE3011956015;TE301 195/60R15;Triangle;TE301;195/60R15;;;Лето;Легковой;7.5;195;5;19;Китай;Бюджетная летняя шина для легковых авто
50;TC1011956015;TC101 195/60R15;Triangle;TC101;195/60R15;;;Лето;Легковой;7.5;195;5;19;Китай;Бюджетная летняя шина для легковых авто
51;G6681956015;G668 195/60R15;Goform;G668;195/60R15;;;Лето;Легковой;7.5;195;5;19;;Бюджетная летняя шина для легковых авто
52;TR9281956015;TR928 195/60R15;Triangle;TR928;195/60R15;;;Лето;Легковой;7.5;195;5;19;Китай;Бюджетная летняя шина для легковых авто
53;TR9781956015;TR978 195/60R15;Triangle;TR978;195/60R15;;;Лето;Легковой;7.5;195;5;19;Китай;Бюджетная летняя шина для легковых авто
54;TR9181956015;TR918 195/60R15;Triangle;TR918;195/60R15;;;Лето;Легковой;7.5;195;5;19;Китай;Бюджетная летняя шина для легковых авто
55;TE3071956015;TE307 195/60R15;88V;TE307;195/60R15;88;V;Лето;Легковой;7.5;195;5;19;;Бюджетная летняя шина для легковых авто
56;TR9781956016;TR978 195/60R16;Triangle;TR978;195/60R16;;;Лето;Легковой;7.5;195;5;19;Китай;Бюджетная летняя шина для легковых авто
57;G6681956016;G668 195/60R16;Goform;G668;195/60R16;;;Лето;Легковой;7.5;195;5;19;;Бюджетная летняя шина для легковых авто
58;TC1011956515;TC101 195/65R15;Triangle;TC101;195/65R15;;;Лето;Легковой;7.5;195;5;19;Китай;Бюджетная летняя шина для легковых авто
59;TE3011956515;TE301 195/65R15;Triangle;TE301;195/65R15;;;Лето;Легковой;7.5;195;5;19;Китай;Бюджетная летняя шина для легковых авто
60;TR9281956515;TR928 195/65R15;Triangle;TR928;195/65R15;;;Лето;Легковой;7.5;195;5;19;Китай;Бюджетная летняя шина для легковых авто
61;TR9781956515;TR978 195/65R15;Triangle;TR978;195/65R15;;;Лето;Легковой;7.5;195;5;19;Китай;Бюджетная летняя шина для легковых авто
62;TE3071956515;TE307 195/65R15;95V;TE307;195/65R15;95;V;Лето;Легковой;7.5;195;5;19;;Бюджетная летняя шина для легковых авто
63;TX51956515;TX5 195/65R15;Tracmax;TX5;195/65R15;91;V;Лето;Легковой;7.5;195;5;19;;Бюджетная летняя шина для легковых авто
64;G5201957014;G520 195/70R14;Goform;G520;195/70R14;;;Лето;Легковой;7.5;195;5;19;;Бюджетная летняя шина для легковых авто
65;TR6521957015C;TR652 195/70R15C;Triangle;TR652;195/70R15C;15;C;Лето;Легковой;7.5;195;5;19;Китай;Бюджетная летняя шина для легковых авто
66;TR6451957015C;TR645 195/70R15C;Triangle;TR645;195/70R15C;15;C;Лето;Легковой;7.5;195;5;19;Китай;Бюджетная летняя шина для легковых авто
67;TR6521957516C-8P;TR652 195/75R16C-8PR;Triangle;TR652;195/75R16C-8PR;16;C;Лето;Легковой;7.5;195;5;19;Китай;Бюджетная летняя шина для легковых авто
68;TH2012054016;TH201 205/40R16;Triangle;TH201;205/40R16;;;Лето;Легковой;7.5;205;5;20;Китай;Бюджетная летняя шина для легковых авто
69;TH2022054016;TH202 205/40R16;83W;TH202;205/40R16;83;W;Лето;Легковой;7.5;205;5;20;;Бюджетная летняя шина для легковых авто
70;TR9682054016;TR968 205/40R16;Triangle;TR968;205/40R16;;;Лето;Легковой;7.5;205;5;20;Китай;Бюджетная летняя шина для легковых авто
71;GH182054017;GH18 205/40R17;Goform;GH18;205/40R17;;;Лето;Легковой;7.5;205;5;20;;Бюджетная летняя шина для легковых авто
72;TH2012054017;TH201 205/40R17;Triangle;TH201;205/40R17;;;Лето;Легковой;7.5;205;5;20;Китай;Бюджетная летняя шина для легковых авто
73;TH2022054017;TH202 205/40R17;84W;TH202;205/40R17;84;W;Лето;Легковой;7.5;205;5;20;;Бюджетная летняя шина для легковых авто
74;TR9682054017;TR968 205/40R17;Triangle;TR968;205/40R17;;;Лето;Легковой;7.5;205;5;20;Китай;Бюджетная летняя шина для легковых авто
75;TH2012054516;TH201 205/45R16;Triangle;TH201;205/45R16;;;Лето;Легковой;7.5;205;5;20;Китай;Бюджетная летняя шина для легковых авто
76;TH2022054516;TH202 205/45R16;87W;TH202;205/45R16;87;W;Лето;Легковой;7.5;205;5;20;;Бюджетная летняя шина для легковых авто
77;GH182054516;GH18 205/45R16;Goform;GH18;205/45R16;;;Лето;Легковой;7.5;205;5;20;;Бюджетная летняя шина для легковых авто
78;K30002054516;K3000 205/45R16;Kapsen;K3000;205/45R16;;;Лето;Легковой;7.5;205;5;20;;Бюджетная летняя шина для легковых авто
79;GH182054517;GH18 205/45R17;Goform;GH18;205/45R17;;;Лето;Легковой;7.5;205;5;20;;Бюджетная летняя шина для легковых авто
80;TH2012054517;TH201 205/45R17;Triangle;TH201;205/45R17;;;Лето;Легковой;7.5;205;5;20;Китай;Бюджетная летняя шина для легковых авто
81;TH2022054517;TH202 205/45R17;88Y;TH202;205/45R17;88;Y;Лето;Легковой;7.5;205;5;20;;Бюджетная летняя шина для легковых авто
82;GH182055016;GH18 205/50R16;Goform;GH18;205/50R16;;;Лето;Легковой;7.5;205;5;20;;Бюджетная летняя шина для легковых авто
83;TH2012055016;TH201 205/50R16;Triangle;TH201;205/50R16;;;Лето;Легковой;7.5;205;5;20;Китай;Бюджетная летняя шина для легковых авто
84;TE3072055016;TE307 205/50R16;91W;TE307;205/50R16;91;W;Лето;Легковой;7.5;205;5;20;;Бюджетная летняя шина для легковых авто
85;TR9682055016;TR968 205/50R16;91V;TR968;205/50R16;91;V;Лето;Легковой;7.5;205;5;20;;Бюджетная летняя шина для легковых авто
86;GH182055017;GH18 205/50R17;Goform;GH18;205/50R17;;;Лето;Легковой;7.5;205;5;20;;Бюджетная летняя шина для легковых авто
87;TH2012055017;TH201 205/50R17;Triangle;TH201;205/50R17;;;Лето;Легковой;7.5;205;5;20;Китай;Бюджетная летняя шина для легковых авто
88;TH2022055017;TH202 205/50R17;93Y;TH202;205/50R17;93;Y;Лето;Легковой;7.5;205;5;20;;Бюджетная летняя шина для легковых авто
89;TE3072055017;TE307 205/50R17;93W;TE307;205/50R17;93;W;Лето;Легковой;7.5;205;5;20;;Бюджетная летняя шина для легковых авто
90;TR9682055017;TR968 205/50R17;89V;TR968;205/50R17;89;V;Лето;Легковой;7.5;205;5;20;;Бюджетная летняя шина для легковых авто
91;TX32055017;TX3 205/50R17;Tracmax;TX3;205/50R17;93;W;Лето;Легковой;7.5;205;5;20;;Бюджетная летняя шина для легковых авто
92;TR9282055516;TR928 205/55R16;Triangle;TR928;205/55R16;;;Лето;Легковой;7.5;205;5;20;Китай;Бюджетная летняя шина для легковых авто
93;TE3012055516;TE301 205/55R16;Triangle;TE301;205/55R16;;;Лето;Легковой;7.5;205;5;20;Китай;Бюджетная летняя шина для легковых авто
94;TC1012055516;TC101 205/55R16;Triangle;TC101;205/55R16;;;Лето;Легковой;7.5;205;5;20;Китай;Бюджетная летняя шина для легковых авто
95;TH2012055516;TH201 205/55R16;91V;TH201;205/55R16;91;V;Лето;Легковой;7.5;205;5;20;;Бюджетная летняя шина для легковых авто
96;TE3072055516;TE307 205/55R16;91V;TE307;205/55R16;91;V;Лето;Легковой;7.5;205;5;20;;Бюджетная летняя шина для легковых авто
97;TR9682055516;TR968 205/55R16;91H;TR968;205/55R16;91;H;Лето;Легковой;7.5;205;5;20;;Бюджетная летняя шина для легковых авто
98;TX32055516;TX3 205/55R16;Tracmax;TX3;205/55R16;94;W;Лето;Легковой;7.5;205;5;20;;Бюджетная летняя шина для легковых авто
99;TX52055516;TX5 205/55R16;Tracmax;TX5;205/55R16;91;V;Лето;Легковой;7.5;205;5;20;;Бюджетная летняя шина для легковых авто
100;G7452055516;G745 205/55R16;Goform;G745;205/55R16;;;Лето;Легковой;7.5;205;5;20;;Бюджетная летняя шина для легковых авто
101;GH182055516;GH18 205/55R16;Goform;GH18;205/55R16;;;Лето;Легковой;7.5;205;5;20;;Бюджетная летняя шина для легковых авто
102;TR9782055516;TR978 205/55R16;Triangle;TR978;205/55R16;;;Лето;Легковой;7.5;205;5;20;Китай;Бюджетная летняя шина для легковых авто
103;TR9182055516;TR918 205/55R16;Triangle;TR918;205/55R16;;;Лето;Легковой;7.5;205;5;20;Китай;Бюджетная летняя шина для легковых авто
104;AU5182055516;AU518 205/55R16;Braves;AU518;205/55R16;;;Лето;Легковой;7.5;205;5;20;;Бюджетная летняя шина для легковых авто
105;TC1012055517;TC101 205/55R17;Triangle;TC101;205/55R17;;;Лето;Легковой;7.5;205;5;20;Китай;Бюджетная летняя шина для легковых авто
106;TH2022055517;TH202 205/55R17;95W;TH202;205/55R17;95;W;Лето;Легковой;7.5;205;5;20;;Бюджетная летняя шина для легковых авто
107;TR9182056015;TR918 205/60R15;Triangle;TR918;205/60R15;;;Лето;Легковой;7.5;205;5;20;Китай;Бюджетная летняя шина для легковых авто
108;G7452056015;G745 205/60R15;Goform;G745;205/60R15;;;Лето;Легковой;7.5;205;5;20;;Бюджетная летняя шина для легковых авто
109;GH182056016;GH18 205/60R16;Goform;GH18;205/60R16;;;Лето;Легковой;7.5;205;5;20;;Бюджетная летняя шина для легковых авто
110;TR9782056016;TR978 205/60R16;Triangle;TR978;205/60R16;;;Лето;Легковой;7.5;205;5;20;Китай;Бюджетная летняя шина для легковых авто
111;TR9182056016;TR918 205/60R16;96H;TR918;205/60R16;96;H;Лето;Легковой;7.5;205;5;20;;Бюджетная летняя шина для легковых авто
112;TC1012056016;TC101 205/60R16;96V;TC101;205/60R16;96;V;Лето;Легковой;7.5;205;5;20;;Бюджетная летняя шина для легковых авто
113;TC1012056515;TC101 205/65R15;Triangle;TC101;205/65R15;;;Лето;Легковой;7.5;205;5;20;Китай;Бюджетная летняя шина для легковых авто
114;G7452056515;G745 205/65R15;Goform;G745;205/65R15;;;Лето;Легковой;7.5;205;5;20;;Бюджетная летняя шина для легковых авто
115;TE3012056515;TE301 205/65R15;Triangle;TE301;205/65R15;;;Лето;Легковой;7.5;205;5;20;Китай;Бюджетная летняя шина для легковых авто
116;TE3072056515;TE307 205/65R15;94V;TE307;205/65R15;94;V;Лето;Легковой;7.5;205;5;20;;Бюджетная летняя шина для легковых авто
117;TR9782056516;TR978 205/65R16;Triangle;TR978;205/65R16;;;Лето;Легковой;7.5;205;5;20;Китай;Бюджетная летняя шина для легковых авто
118;TC1012056516;TC101 205/65R16;Triangle;TC101;205/65R16;;;Лето;Легковой;7.5;205;5;20;Китай;Бюджетная летняя шина для легковых авто
119;TE3072056516;TE307 205/65R16;95Н;TE307;205/65R16;;;Лето;Легковой;7.5;205;5;20;;Бюджетная летняя шина для легковых авто
120;TR6522056516C-8P;TR652 205/65R16C-8PR;Triangle;TR652;205/65R16C-8PR;16;C;Лето;Легковой;7.5;205;5;20;Китай;Бюджетная летняя шина для легковых авто
121;TR6522057015C-8P;TR652 205/70R15C-8PR;Triangle;TR652;205/70R15C-8PR;15;C;Лето;Легковой;7.5;205;5;20;Китай;Бюджетная летняя шина для легковых авто
122;TR9282057015;TR928 205/70R15;Triangle;TR928;205/70R15;;;Лето;Легковой;7.5;205;5;20;Китай;Бюджетная летняя шина для легковых авто
123;TE3012057015;TE301 205/70R15;Triangle;TE301;205/70R15;;;Лето;Легковой;7.5;205;5;20;Китай;Бюджетная летняя шина для легковых авто
124;TR6522057516C-8P;TR652 205/75R16C-8PR;Triangle;TR652;205/75R16C-8PR;16;C;Лето;Легковой;7.5;205;5;20;Китай;Бюджетная летняя шина для легковых авто
125;TH2012153518;TH201 215/35R18;Triangle;TH201;215/35R18;;;Лето;Легковой;7.5;215;5;21;Китай;Бюджетная летняя шина для легковых авто
126;TH2022153518;TH202 215/35R18;84Y;TH202;215/35R18;84;Y;Лето;Легковой;7.5;215;5;21;;Бюджетная летняя шина для легковых авто
127;TR9682153518;TR968 215/35R18;Triangle;TR968;215/35R18;;;Лето;Легковой;7.5;215;5;21;Китай;Бюджетная летняя шина для легковых авто
128;GH182153518;GH18 215/35R18;Goform;GH18;215/35R18;;;Лето;Легковой;7.5;215;5;21;;Бюджетная летняя шина для легковых авто
129;TH2012153519;TH201 215/35R19;Triangle;TH201;215/35R19;;;Лето;Легковой;7.5;215;5;21;Китай;Бюджетная летняя шина для легковых авто
130;TH2022153519;TH202 215/35R19;85Y;TH202;215/35R19;85;Y;Лето;Легковой;7.5;215;5;21;;Бюджетная летняя шина для легковых авто
131;TR9682153519;TR968 215/35R19;Triangle;TR968;215/35R19;;;Лето;Легковой;7.5;215;5;21;Китай;Бюджетная летняя шина для легковых авто
132;GH182154016;GH18 215/40R16;Goform;GH18;215/40R16;;;Лето;Легковой;7.5;215;5;21;;Бюджетная летняя шина для легковых авто
133;ECOPLUS2154017;ECOPLUS 215/40R17;Goform;ECOPLUS;215/40R17;;;Лето;Легковой;7.5;215;5;21;;Бюджетная летняя шина для легковых авто
134;TH2012154017;TH201 215/40R17;Triangle;TH201;215/40R17;;;Лето;Легковой;7.5;215;5;21;Китай;Бюджетная летняя шина для легковых авто
135;TH2022154017;TH202 215/40R17;87Y;TH202;215/40R17;87;Y;Лето;Легковой;7.5;215;5;21;;Бюджетная летняя шина для легковых авто
136;TR9682154017;TR968 215/40R17;Triangle;TR968;215/40R17;;;Лето;Легковой;7.5;215;5;21;Китай;Бюджетная летняя шина для легковых авто
137;TH2012154018;TH201 215/40R18;Tringle;TH201;215/40R18;;;Лето;Легковой;7.5;215;5;21;;Бюджетная летняя шина для легковых авто
138;TH2022154018;TH202 215/40R18;89Y;TH202;215/40R18;89;Y;Лето;Легковой;7.5;215;5;21;;Бюджетная летняя шина для легковых авто
139;TH2012154516;TH201 215/45R16;Tringle;TH201;215/45R16;;;Лето;Легковой;7.5;215;5;21;;Бюджетная летняя шина для легковых авто
140;TH2022154516;TH202 215/45R16;90V;TH202;215/45R16;90;V;Лето;Легковой;7.5;215;5;21;;Бюджетная летняя шина для легковых авто
141;GH182154517;GH18 215/45R17;Goform;GH18;215/45R17;;;Лето;Легковой;7.5;215;5;21;;Бюджетная летняя шина для легковых авто
142;TH2012154517;TH201 215/45R17;Triangle;TH201;215/45R17;;;Лето;Легковой;7.5;215;5;21;Китай;Бюджетная летняя шина для легковых авто
143;TH2022154517;TH202 215/45R17;91Y;TH202;215/45R17;91;Y;Лето;Легковой;7.5;215;5;21;;Бюджетная летняя шина для легковых авто
144;TR9682154517;TR968 215/45R17;91V;TR968;215/45R17;91;V;Лето;Легковой;7.5;215;5;21;;Бюджетная летняя шина для легковых авто
145;TH2012154518;TH201 215/45R18;Triangle;TH201;215/45R18;;;Лето;Легковой;7.5;215;5;21;Китай;Бюджетная летняя шина для легковых авто
146;TH2022154518;TH202 215/45R18;93Y;TH202;215/45R18;93;Y;Лето;Легковой;7.5;215;5;21;;Бюджетная летняя шина для легковых авто
147;GH182154518;GH18 215/45R18;Goform;GH18;215/45R18;;;Лето;Легковой;7.5;215;5;21;;Бюджетная летняя шина для легковых авто
148;SPORTS T12155017;Sports T1 215/50R17;Charmhoo;Sports T1;215/50R17;;;Лето;Легковой;7.5;215;5;21;;Бюджетная летняя шина для легковых авто
149;TC1012155017;TC101 215/50R17;Triangle;TC101;215/50R17;;;Лето;Легковой;7.5;215;5;21;Китай;Бюджетная летняя шина для легковых авто
150;TH2012155017;TH201 215/50R17;Triangle;TH201;215/50R17;;;Лето;Легковой;7.5;215;5;21;Китай;Бюджетная летняя шина для легковых авто
151;TH2022155017;TH202 215/50R17;95Y;TH202;215/50R17;95;Y;Лето;Легковой;7.5;215;5;21;;Бюджетная летняя шина для легковых авто
152;TR9682155017;TR968 215/50R17;95V;TR968;215/50R17;95;V;Лето;Легковой;7.5;215;5;21;;Бюджетная летняя шина для легковых авто
153;K30002155017;K3000 215/50R17;Kapsen;K3000;215/50R17;;;Лето;Легковой;7.5;215;5;21;;Бюджетная летняя шина для легковых авто
154;TX32155017;TX3 215/50R17;Tracmax;TX3;215/50R17;95;W;Лето;Легковой;7.5;215;5;21;;Бюджетная летняя шина для легковых авто
155;TR2592155018;TR259 215/50R18;Triangle;TR259;215/50R18;;;Лето;Легковой;7.5;215;5;21;Китай;Бюджетная летняя шина для легковых авто
156;TR9782155516;TR978 215/55R16;Triangle;TR978;215/55R16;;;Лето;Легковой;7.5;215;5;21;Китай;Бюджетная летняя шина для легковых авто
157;G7452155516;G745 215/55R16;Goform;G745;215/55R16;;;Лето;Легковой;7.5;215;5;21;;Бюджетная летняя шина для легковых авто
158;GH182155516;GH18 215/55R16;Goform;GH18;215/55R16;;;Лето;Легковой;7.5;215;5;21;;Бюджетная летняя шина для легковых авто
159;TH2012155516;TH201 215/55R16;Triangle;TH201;215/55R16;;;Лето;Легковой;7.5;215;5;21;Китай;Бюджетная летняя шина для легковых авто
160;TE3072155516;TE307 215/55R16;97W;TE307;215/55R16;97;W;Лето;Легковой;7.5;215;5;21;;Бюджетная летняя шина для легковых авто
161;TR9182155516;TR918 215/55R16;93H;TR918;215/55R16;93;H;Лето;Легковой;7.5;215;5;21;;Бюджетная летняя шина для легковых авто
162;GH182155517;GH18 215/55R17;Goform;GH18;215/55R17;;;Лето;Легковой;7.5;215;5;21;;Бюджетная летняя шина для легковых авто
163;TH9182155517;TH918 215/55R17;Triangle;TH918;215/55R17;;;Лето;Легковой;7.5;215;5;21;Китай;Бюджетная летняя шина для легковых авто
164;TH2012155517;TH201 215/55R17;Triangle;TH201;215/55R17;;;Лето;Легковой;7.5;215;5;21;Китай;Бюджетная летняя шина для легковых авто
165;TH2022155517;TH202 215/55R17;98Y;TH202;215/55R17;98;Y;Лето;Легковой;7.5;215;5;21;;Бюджетная летняя шина для легковых авто
166;TR9682155517;TR968 215/55R17;Triangle;TR968;215/55R17;;;Лето;Легковой;7.5;215;5;21;Китай;Бюджетная летняя шина для легковых авто
167;TC1012155517;TC101 215/55R17;Triangle;TC101;215/55R17;;;Лето;Легковой;7.5;215;5;21;Китай;Бюджетная летняя шина для легковых авто
168;TX32155517;TX3 215/55R17;Tracmax;TX3;215/55R17;98;W;Лето;Легковой;7.5;215;5;21;;Бюджетная летняя шина для легковых авто
169;GH182155518;GH18 215/55R18;Goform;GH18;215/55R18;;;Лето;Легковой;7.5;215;5;21;;Бюджетная летняя шина для легковых авто
170;TH2012155518;TH201 215/55R18;Triangle;TH201;215/55R18;;;Лето;Легковой;7.5;215;5;21;Китай;Бюджетная летняя шина для легковых авто
171;TH2022155518;TH202 215/55R18;99W;TH202;215/55R18;99;W;Лето;Легковой;7.5;215;5;21;;Бюджетная летняя шина для легковых авто
172;TR2592155518;TR259 215/55R18;Triangle;TR259;215/55R18;;;Лето;Легковой;7.5;215;5;21;Китай;Бюджетная летняя шина для легковых авто
173;TR9782156016;TR978 215/60R16;Triangle;TR978;215/60R16;;;Лето;Легковой;7.5;215;5;21;Китай;Бюджетная летняя шина для легковых авто
174;GH182156016;GH18 215/60R16;Goform;GH18;215/60R16;;;Лето;Легковой;7.5;215;5;21;;Бюджетная летняя шина для легковых авто
175;TE3012156016;TE301 215/60R16;Triangle;TE301;215/60R16;;;Лето;Легковой;7.5;215;5;21;Китай;Бюджетная летняя шина для легковых авто
176;TE3072156016;TE307 215/60R16;99V;TE307;215/60R16;99;V;Лето;Легковой;7.5;215;5;21;;Бюджетная летняя шина для легковых авто
177;TC1012156016;TC101 215/60R16;Triangle;TC101;215/60R16;;;Лето;Легковой;7.5;215;5;21;Китай;Бюджетная летняя шина для легковых авто
178;TR9182156016;TR918 215/60R16;95H;TR918;215/60R16;95;H;Лето;Легковой;7.5;215;5;21;;Бюджетная летняя шина для легковых авто
179;TX52156016;TX5 215/60R16;Tracmax;TX5;215/60R16;95;V;Лето;Легковой;7.5;215;5;21;;Бюджетная летняя шина для легковых авто
180;TC1012156017;TC101 215/60R17;96V;TC101;215/60R17;96;V;Лето;Легковой;7.5;215;5;21;;Бюджетная летняя шина для легковых авто
181;TR2572156017;TR257 215/60R17;Triangle;TR257;215/60R17;;;Лето;Легковой;7.5;215;5;21;Китай;Бюджетная летняя шина для легковых авто
182;TR2592156017;TR259 215/60R17;96H;TR259;215/60R17;96;H;Лето;Легковой;7.5;215;5;21;;Бюджетная летняя шина для легковых авто
183;TC1012156515;TC101 215/65R15;Triangle;TC101;215/65R15;;;Лето;Легковой;7.5;215;5;21;Китай;Бюджетная летняя шина для легковых авто
184;TC1012156516;TC101 215/65R16;Triangle;TC101;215/65R16;;;Лето;Легковой;7.5;215;5;21;Китай;Бюджетная летняя шина для легковых авто
185;TE3012156516;TE301 215/65R16;Triangle;TE301;215/65R16;;;Лето;Легковой;7.5;215;5;21;Китай;Бюджетная летняя шина для легковых авто
186;TR2592156516;TR259 215/65R16;102V;TR259;215/65R16;102;V;Лето;Легковой;7.5;215;5;21;;Бюджетная летняя шина для легковых авто
187;TR9282156516;TR928 215/65R16;Triangle;TR928;215/65R16;102;H;Лето;Легковой;7.5;215;5;21;Китай;Бюджетная летняя шина для легковых авто
188;TR2572156516;TR257 215/65R16;Triangle;TR257;215/65R16;;;Лето;Легковой;7.5;215;5;21;Китай;Бюджетная летняя шина для легковых авто
189;TR2592156517;TR259 215/65R17;Triangle;TR259;215/65R17;;;Лето;Легковой;7.5;215;5;21;Китай;Бюджетная летняя шина для легковых авто
190;TC1012156517;TC101 215/65R17;103W;TC101;215/65R17;103;W;Лето;Легковой;7.5;215;5;21;;Бюджетная летняя шина для легковых авто
191;G7452157015;G745 215/70R15;Goform;G745;215/70R15;;;Лето;Легковой;7.5;215;5;21;;Бюджетная летняя шина для легковых авто
192;TV7012157015;TV701 215/70R15;Triangle;TV701;215/70R15;;;Лето;Легковой;7.5;215;5;21;Китай;Бюджетная летняя шина для легковых авто
193;TR6522157015C-8P;TR652 215/70R15C-8PR;Triangle;TR652;215/70R15C-8PR;15;C;Лето;Легковой;7.5;215;5;21;Китай;Бюджетная летняя шина для легковых авто
194;TR2572157016;TR257 215/70R16;Triangle;TR257;215/70R16;;;Лето;Легковой;7.5;215;5;21;Китай;Бюджетная летняя шина для легковых авто
195;TR2592157016;TR259 215/70R16;100H;TR259;215/70R16;100;H;Лето;Легковой;7.5;215;5;21;;Бюджетная летняя шина для легковых авто
196;TV7012157016;TV701 215/70R16;Triangle;TV701;215/70R16;;;Лето;Легковой;7.5;215;5;21;Китай;Бюджетная летняя шина для легковых авто
197;TR2922157016;TR292 215/70R16;Triangle;TR292;215/70R16;;;Лето;Легковой;7.5;215;5;21;Китай;Бюджетная летняя шина для легковых авто
198;GT022157016;GT02 215/70R16;Goform;GT02;215/70R16;;;Лето;Легковой;7.5;215;5;21;;Бюджетная летняя шина для легковых авто
199;TR2922157515;TR292 215/75R15;Triangle;TR292;215/75R15;;;Лето;Легковой;7.5;215;5;21;Китай;Бюджетная летняя шина для легковых авто
200;TH2012253020;TH201 225/30R20;Triangle;TH201;225/30R20;;;Лето;Легковой;7.5;225;5;22;Китай;Бюджетная летняя шина для легковых авто
201;TH2012253518;TH201 225/35R18;87Y;TH201;225/35R18;87;Y;Лето;Легковой;7.5;225;5;22;;Бюджетная летняя шина для легковых авто
202;TH2012253519;TH201 225/35R19;Triangle;TH201;225/35R19;;;Лето;Легковой;7.5;225;5;22;Китай;Бюджетная летняя шина для легковых авто
203;TH2022253519;TH202 225/35R19;88Y;TH202;225/35R19;88;Y;Лето;Легковой;7.5;225;5;22;;Бюджетная летняя шина для легковых авто
204;TH2012253520;TH201 225/35R20;Triangle;TH201;225/35R20;;;Лето;Легковой;7.5;225;5;22;Китай;Бюджетная летняя шина для легковых авто
205;TH2022253520;TH202 225/35R20;90Y;TH202;225/35R20;90;Y;Лето;Легковой;7.5;225;5;22;;Бюджетная летняя шина для легковых авто
206;GH182253520;GH18 225/35R20;Goform;GH18;225/35R20;;;Лето;Легковой;7.5;225;5;22;;Бюджетная летняя шина для легковых авто
207;TH2012254018;TH201 225/40R18;Triangle;TH201;225/40R18;;;Лето;Легковой;7.5;225;5;22;Китай;Бюджетная летняя шина для легковых авто
208;TH2022254018;TH202 225/40R18;92Y;TH202;225/40R18;92;Y;Лето;Легковой;7.5;225;5;22;;Бюджетная летняя шина для легковых авто
209;TR9682254018;TR968 225/40R18;92V;TR968;225/40R18;92;V;Лето;Легковой;7.5;225;5;22;;Бюджетная летняя шина для легковых авто
210;GH182254018;GH18 225/40R18;Goform;GH18;225/40R18;;;Лето;Легковой;7.5;225;5;22;;Бюджетная летняя шина для легковых авто
211;SPORTS T12254018;Sports T1 225/40R18;Charmhoo;Sports T1;225/40R18;;;Лето;Легковой;7.5;225;5;22;;Бюджетная летняя шина для легковых авто
212;K300022540Z18;K3000 225/40ZR18;Kapsen;K3000;225/40ZR18;92;W;Лето;Легковой;7.5;225;5;22;;Бюджетная летняя шина для легковых авто
213;TH2012254019;TH201 225/40R19;Triangle;TH201;225/40R19;;;Лето;Легковой;7.5;225;5;22;Китай;Бюджетная летняя шина для легковых авто
214;TH2022254019;TH202 225/40R19;93Y;TH202;225/40R19;93;Y;Лето;Легковой;7.5;225;5;22;;Бюджетная летняя шина для легковых авто
215;TH2012254517;TH201 225/45R17;Triangle;TH201;225/45R17;;;Лето;Легковой;7.5;225;5;22;Китай;Бюджетная летняя шина для легковых авто
216;TH2022254517;TH202 225/45R17;94Y;TH202;225/45R17;94;Y;Лето;Легковой;7.5;225;5;22;;Бюджетная летняя шина для легковых авто
217;TR9682254517;TR968 225/45R17;94V;TR968;225/45R17;94;V;Лето;Легковой;7.5;225;5;22;;Бюджетная летняя шина для легковых авто
218;GH182254517;GH18 225/45R17;Goform;GH18;225/45R17;;;Лето;Легковой;7.5;225;5;22;;Бюджетная летняя шина для легковых авто
219;K30002254517;K3000 225/45R17;Kapsen;K3000;225/45R17;;;Лето;Легковой;7.5;225;5;22;;Бюджетная летняя шина для легковых авто
220;SPORTS T12254517;Sports T1 225/45R17;Charmhoo;Sports T1;225/45R17;;;Лето;Легковой;7.5;225;5;22;;Бюджетная летняя шина для легковых авто
221;ATREZZO2254517;Atrezzo 225/45R17;ZSR;Atrezzo;225/45R17;;;Лето;Легковой;7.5;225;5;22;;Бюджетная летняя шина для легковых авто
222;TX32254517;TX3 225/45R17;Tracmax;TX3;225/45R17;94;W;Лето;Легковой;7.5;225;5;22;;Бюджетная летняя шина для легковых авто
223;HIFLY2254517;Hifly 225/45R17;HF805;Hifly;225/45R17;94;W;Лето;Легковой;7.5;225;5;22;;Бюджетная летняя шина для легковых авто
224;TH2012254518;TH201 225/45R18;Triangle;TH201;225/45R18;;;Лето;Легковой;7.5;225;5;22;Китай;Бюджетная летняя шина для легковых авто
225;TH2022254518;TH202 225/45R18;95Y;TH202;225/45R18;95;Y;Лето;Легковой;7.5;225;5;22;;Бюджетная летняя шина для легковых авто
226;TR9182254518;TR918 225/45R18;Triangle;TR918;225/45R18;;;Лето;Легковой;7.5;225;5;22;Китай;Бюджетная летняя шина для легковых авто
227;GH182254518;GH18 225/45R18;Goform;GH18;225/45R18;;;Лето;Легковой;7.5;225;5;22;;Бюджетная летняя шина для легковых авто
228;HIFLY2254518;Hifly 225/45R18;HF805;Hifly;225/45R18;95;W;Лето;Легковой;7.5;225;5;22;;Бюджетная летняя шина для легковых авто
229;TH2012254519;TH201 225/45R19;Triangle;TH201;225/45R19;;;Лето;Легковой;7.5;225;5;22;Китай;Бюджетная летняя шина для легковых авто
230;TH2022254519;TH202 225/45R19;96Y;TH202;225/45R19;96;Y;Лето;Легковой;7.5;225;5;22;;Бюджетная летняя шина для легковых авто
231;GH182254519;GH18 225/45R19;Goform;GH18;225/45R19;;;Лето;Легковой;7.5;225;5;22;;Бюджетная летняя шина для легковых авто
232;SPORTS T12254519;Sports T1 225/45R19;Charmhoo;Sports T1;225/45R19;;;Лето;Легковой;7.5;225;5;22;;Бюджетная летняя шина для легковых авто
233;TH2012255016;TH201 225/50R16;96W;TH201;225/50R16;96;W;Лето;Легковой;7.5;225;5;22;;Бюджетная летняя шина для легковых авто
234;GH182255016;GH18 225/50R16;Goform;GH18;225/50R16;;;Лето;Легковой;7.5;225;5;22;;Бюджетная летняя шина для легковых авто
235;TC1012255017;TC101 225/50R17;Triangle;TC101;225/50R17;;;Лето;Легковой;7.5;225;5;22;Китай;Бюджетная летняя шина для легковых авто
236;TH2012255017;TH201 225/50R17;Triangle;TH201;225/50R17;;;Лето;Легковой;7.5;225;5;22;Китай;Бюджетная летняя шина для легковых авто
237;TH2022255017;TH202 225/50R17;98Y;TH202;225/50R17;98;Y;Лето;Легковой;7.5;225;5;22;;Бюджетная летняя шина для легковых авто
238;TR9682255017;TR968 225/50R17;98V;TR968;225/50R17;98;V;Лето;Легковой;7.5;225;5;22;;Бюджетная летняя шина для легковых авто
239;K30002255017;K3000 225/50R17;Kapsen;K3000;225/50R17;;;Лето;Легковой;7.5;225;5;22;;Бюджетная летняя шина для легковых авто
240;SPORTS T12255017;Sports T1 225/50R17;Charmhoo;Sports T1;225/50R17;;;Лето;Легковой;7.5;225;5;22;;Бюджетная летняя шина для легковых авто
241;ATREZZO2255017;Atrezzo 225/50R17;ZSR;Atrezzo;225/50R17;98;W;Лето;Легковой;7.5;225;5;22;;Бюджетная летняя шина для легковых авто
242;TH2012255018;TH201 225/50R18;Triangle;TH201;225/50R18;;;Лето;Легковой;7.5;225;5;22;Китай;Бюджетная летняя шина для легковых авто
243;TH2022255018;TH202 225/50R18;99W;TH202;225/50R18;99;W;Лето;Легковой;7.5;225;5;22;;Бюджетная летняя шина для легковых авто
244;TR2592255018;TR259 225/50R18;Triangle;TR259;225/50R18;;;Лето;Легковой;7.5;225;5;22;Китай;Бюджетная летняя шина для легковых авто
245;TC1012255516;TC101 225/55R16;Triangle;TC101;225/55R16;;;Лето;Легковой;7.5;225;5;22;Китай;Бюджетная летняя шина для легковых авто
246;TR9182255516;TR918 225/55R16;Triangle;TR918;225/55R16;;;Лето;Легковой;7.5;225;5;22;Китай;Бюджетная летняя шина для легковых авто
247;TE3072255516;TE307 225/55R16;99W;TE307;225/55R16;99;W;Лето;Легковой;7.5;225;5;22;;Бюджетная летняя шина для легковых авто
248;TC1012255517;TC101 225/55R17;Triangle;TC101;225/55R17;;;Лето;Легковой;7.5;225;5;22;Китай;Бюджетная летняя шина для легковых авто
249;TH2012255517;TH201 225/55R17;Triangle;TH201;225/55R17;;;Лето;Легковой;7.5;225;5;22;Китай;Бюджетная летняя шина для легковых авто
250;TH2022255517;TH202 225/55R17;101Y;TH202;225/55R17;101;Y;Лето;Легковой;7.5;225;5;22;;Бюджетная летняя шина для легковых авто
251;TR9682255517;TR968 225/55R17;Triangle;TR968;225/55R17;;;Лето;Легковой;7.5;225;5;22;Китай;Бюджетная летняя шина для легковых авто
252;GH182255517;GH18 225/55R17;Goform;GH18;225/55R17;;;Лето;Легковой;7.5;225;5;22;;Бюджетная летняя шина для легковых авто
253;TX32255517;TX3 225/55R17;Tracmax;TX3;225/55R17;101;W;Лето;Легковой;7.5;225;5;22;;Бюджетная летняя шина для легковых авто
254;TH2012255518;TH201 225/55R18;Triangle;TH201;225/55R18;;;Лето;Легковой;7.5;225;5;22;Китай;Бюджетная летняя шина для легковых авто
255;TH2022255518;TH202 225/55R18;102Y;TH202;225/55R18;102;Y;Лето;Легковой;7.5;225;5;22;;Бюджетная летняя шина для легковых авто
256;TR2592255518;TR259 225/55R18;102W;TR259;225/55R18;102;W;Лето;Легковой;7.5;225;5;22;;Бюджетная летняя шина для легковых авто
257;GH182255518;GH18 225/55R18;Goform;GH18;225/55R18;;;Лето;Легковой;7.5;225;5;22;;Бюджетная летняя шина для легковых авто
258;ECOPLUS2255518;ECOPLUS 225/55R18;Charmhoo;ECOPLUS;225/55R18;;;Лето;Легковой;7.5;225;5;22;;Бюджетная летняя шина для легковых авто
259;TX32255518;TX3 225/55R18;Tracmax;TX3;225/55R18;98;V;Лето;Легковой;7.5;225;5;22;;Бюджетная летняя шина для легковых авто
260;TR2592255519;TR259 225/55R19;99V;TR259;225/55R19;99;V;Лето;Легковой;7.5;225;5;22;;Бюджетная летняя шина для легковых авто
261;K30002255519;K3000 225/55R19;Kapsen;K3000;225/55R19;;;Лето;Легковой;7.5;225;5;22;;Бюджетная летняя шина для легковых авто
262;TR9182256016;TR918 225/60R16;Triangle;TR918;225/60R16;;;Лето;Легковой;7.5;225;5;22;Китай;Бюджетная летняя шина для легковых авто
263;TC1012256016;TC101 225/60R16;Triangle;TC101;225/60R16;;;Лето;Легковой;7.5;225;5;22;Китай;Бюджетная летняя шина для легковых авто
264;TR2572256017;TR257 225/60R17;Triangle;TR257;225/60R17;;;Лето;Легковой;7.5;225;5;22;Китай;Бюджетная летняя шина для легковых авто
265;TR2592256017;TR259 225/60R17;99V;TR259;225/60R17;99;V;Лето;Легковой;7.5;225;5;22;;Бюджетная летняя шина для легковых авто
266;ECOPLUS2256017;ECOPLUS 225/60R17;Charmhoo;ECOPLUS;225/60R17;;;Лето;Легковой;7.5;225;5;22;;Бюджетная летняя шина для легковых авто
267;LANDSPIDER2256017;Landspider 225/60R17;Citytraxx;Landspider;225/60R17;99;H;Лето;Легковой;7.5;225;5;22;;Бюджетная летняя шина для легковых авто
268;TR2572256018;TR257 225/60R18;Triangle;TR257;225/60R18;;;Лето;Легковой;7.5;225;5;22;Китай;Бюджетная летняя шина для легковых авто
269;TR2592256018;TR259 225/60R18;Triangle;TR259;225/60R18;;;Лето;Легковой;7.5;225;5;22;Китай;Бюджетная летняя шина для легковых авто
270;SPORTS T12256018;Sports T1 225/60R18;Charmhoo;Sports T1;225/60R18;;;Лето;Легковой;7.5;225;5;22;;Бюджетная летняя шина для легковых авто
271;TE3012256517;TE301 225/65R17;Triangle;TE301;225/65R17;;;Лето;Легковой;7.5;225;5;22;Китай;Бюджетная летняя шина для легковых авто
272;TR9282256517;TR928 225/65R17;102H;TR928;225/65R17;102;H;Лето;Легковой;7.5;225;5;22;;Бюджетная летняя шина для легковых авто
273;TR2592256517;TR259 225/65R17;106V;TR259;225/65R17;106;V;Лето;Легковой;7.5;225;5;22;;Бюджетная летняя шина для легковых авто
274;TR2572256517;TR257 225/65R17;Triangle;TR257;225/65R17;;;Лето;Легковой;7.5;225;5;22;Китай;Бюджетная летняя шина для легковых авто
275;GH182256517;GH18 225/65R17;Goform;GH18;225/65R17;;;Лето;Легковой;7.5;225;5;22;;Бюджетная летняя шина для легковых авто
276;WILDTRAC A/T2256517;WILDTRAC A/T 225/65R17;Goform;WILDTRAC A/T;225/65R17;;;Лето;Легковой;7.5;225;5;22;;Бюджетная летняя шина для легковых авто
277;TV7012257015;TV701 225/70R15;Triangle;TV701;225/70R15;;;Лето;Легковой;7.5;225;5;22;Китай;Бюджетная летняя шина для легковых авто
278;AT012257016;AT01 225/70R16;Goform;AT01;225/70R16;;;Лето;Легковой;7.5;225;5;22;;Бюджетная летняя шина для легковых авто
279;TR2922257016;TR292 225/70R16;Triangle;TR292;225/70R16;;;Лето;Легковой;7.5;225;5;22;Китай;Бюджетная летняя шина для легковых авто
280;TR2572257016;TR257 225/70R16;Triangle;TR257;225/70R16;;;Лето;Легковой;7.5;225;5;22;Китай;Бюджетная летняя шина для легковых авто
281;GT022257016;GT02 225/70R16;Goform;GT02;225/70R16;;;Лето;Легковой;7.5;225;5;22;;Бюджетная летняя шина для легковых авто
282;TR2592257016;TR259 225/70R16;Triangle;TR259;225/70R16;;;Лето;Легковой;7.5;225;5;22;Китай;Бюджетная летняя шина для легковых авто
283;WILDTRAC A/T2257016;WILDTRAC A/T 225/70R16;Goform;WILDTRAC A/T;225/70R16;;;Лето;Легковой;7.5;225;5;22;;Бюджетная летняя шина для легковых авто
284;TR6522257516C-8P;TR652 225/75R16C-8PR;Triangle;TR652;225/75R16C-8PR;16;C;Лето;Легковой;7.5;225;5;22;Китай;Бюджетная летняя шина для легковых авто
285;TH2012353519;TH201 235/35R19;Triangle;TH201;235/35R19;;;Лето;Легковой;7.5;235;5;23;Китай;Бюджетная летняя шина для легковых авто
286;TH2022353519;TH202 235/35R19;91Y;TH202;235/35R19;91;Y;Лето;Легковой;7.5;235;5;23;;Бюджетная летняя шина для легковых авто
287;TR9682353519;TR968 235/35R19;Triangle;TR968;235/35R19;;;Лето;Легковой;7.5;235;5;23;Китай;Бюджетная летняя шина для легковых авто
288;TA012353519;TA01 235/35R19;Triangle;TA01;235/35R19;;;Лето;Легковой;7.5;235;5;23;Китай;Бюджетная летняя шина для легковых авто
289;GH182353519;GH18 235/35R19;Goform;GH18;235/35R19;;;Лето;Легковой;7.5;235;5;23;;Бюджетная летняя шина для легковых авто
290;TH2012353520;TH201 235/35R20;Triangle;TH201;235/35R20;;;Лето;Легковой;7.5;235;5;23;Китай;Бюджетная летняя шина для легковых авто
291;TH2022353520;TH202 235/35R20;92Y;TH202;235/35R20;92;Y;Лето;Легковой;7.5;235;5;23;;Бюджетная летняя шина для легковых авто
292;TH2012354018;TH201 235/40R18;Triangle;TH201;235/40R18;;;Лето;Легковой;7.5;235;5;23;Китай;Бюджетная летняя шина для легковых авто
293;TH2022354018;TH202 235/40R18;95Y;TH202;235/40R18;95;Y;Лето;Легковой;7.5;235;5;23;;Бюджетная летняя шина для легковых авто
294;TR9682354018;TR968 235/40R18;Triangle;TR968;235/40R18;;;Лето;Легковой;7.5;235;5;23;Китай;Бюджетная летняя шина для легковых авто
295;GH182354018;GH18 235/40R18;Goform;GH18;235/40R18;;;Лето;Легковой;7.5;235;5;23;;Бюджетная летняя шина для легковых авто
296;ANTARES2354018;Antares 235/40R18;Ingens;Antares;235/40R18;95;W;Лето;Легковой;7.5;235;5;23;;Бюджетная летняя шина для легковых авто
297;TH2012354019;TH201 235/40R19;Triangle;TH201;235/40R19;;;Лето;Легковой;7.5;235;5;23;Китай;Бюджетная летняя шина для легковых авто
298;TH2022354019;TH202 235/40R19;96Y;TH202;235/40R19;96;Y;Лето;Легковой;7.5;235;5;23;;Бюджетная летняя шина для легковых авто
299;SPORTS T12354019;Sports T1 235/40R19;Charmhoo;Sports T1;235/40R19;;;Лето;Легковой;7.5;235;5;23;;Бюджетная летняя шина для легковых авто
300;TH2012354517;TH201 235/45R17;Triangle;TH201;235/45R17;;;Лето;Легковой;7.5;235;5;23;Китай;Бюджетная летняя шина для легковых авто
301;TH2022354517;TH202 235/45R17;97Y;TH202;235/45R17;97;Y;Лето;Легковой;7.5;235;5;23;;Бюджетная летняя шина для легковых авто
302;TR9682354517;TR968 235/45R17;Triangle;TR968;235/45R17;;;Лето;Легковой;7.5;235;5;23;Китай;Бюджетная летняя шина для легковых авто
303;GH182354517;GH18 235/45R17;Goform;GH18;235/45R17;;;Лето;Легковой;7.5;235;5;23;;Бюджетная летняя шина для легковых авто
304;SPORTS T12354517;Sports T1 235/45R17;Charmhoo;Sports T1;235/45R17;;;Лето;Легковой;7.5;235;5;23;;Бюджетная летняя шина для легковых авто
305;TH2012354518;TH201 235/45R18;Triangle;TH201;235/45R18;;;Лето;Легковой;7.5;235;5;23;Китай;Бюджетная летняя шина для легковых авто
306;TH2022354518;TH202 235/45R18;98Y;TH202;235/45R18;98;Y;Лето;Легковой;7.5;235;5;23;;Бюджетная летняя шина для легковых авто
307;TR9682354518;TR968 235/45R18;Triangle;TR968;235/45R18;;;Лето;Легковой;7.5;235;5;23;Китай;Бюджетная летняя шина для легковых авто
308;GH182354518;GH18 235/45R18;Goform;GH18;235/45R18;;;Лето;Легковой;7.5;235;5;23;;Бюджетная летняя шина для легковых авто
309;TX32354518;TX3 235/45R18;Tracmax;TX3;235/45R18;98;W;Лето;Легковой;7.5;235;5;23;;Бюджетная летняя шина для легковых авто
310;TH2012354519;TH201 235/45R19;Triangle;TH201;235/45R19;;;Лето;Легковой;7.5;235;5;23;Китай;Бюджетная летняя шина для легковых авто
311;TH2022354519;TH202 235/45R19;99W;TH202;235/45R19;99;W;Лето;Легковой;7.5;235;5;23;;Бюджетная летняя шина для легковых авто
312;TH2012354520;TH201 235/45R20;Triangle;TH201;235/45R20;;;Лето;Легковой;7.5;235;5;23;Китай;Бюджетная летняя шина для легковых авто
313;TH2012355017;TH201 235/50R17;Triangle;TH201;235/50R17;;;Лето;Легковой;7.5;235;5;23;Китай;Бюджетная летняя шина для легковых авто
314;TH2022355017;TH202 235/50R17;100Y;TH202;235/50R17;100;Y;Лето;Легковой;7.5;235;5;23;;Бюджетная летняя шина для легковых авто
315;TC1012355017;TC101 235/50R17;Triangle;TC101;235/50R17;;;Лето;Легковой;7.5;235;5;23;Китай;Бюджетная летняя шина для легковых авто
316;GH182355017;GH18 235/50R17;Goform;GH18;235/50R17;;;Лето;Легковой;7.5;235;5;23;;Бюджетная летняя шина для легковых авто
317;GH182355018;GH18 235/50R18;Goform;GH18;235/50R18;;;Лето;Легковой;7.5;235;5;23;;Бюджетная летняя шина для легковых авто
318;AU5182355018;AU518 235/50R18;Braves;AU518;235/50R18;;;Лето;Легковой;7.5;235;5;23;;Бюджетная летняя шина для легковых авто
319;TR2572355018;TR257 235/50R18;Triangle;TR257;235/50R18;;;Лето;Легковой;7.5;235;5;23;Китай;Бюджетная летняя шина для легковых авто
320;TR2592355018;TR259 235/50R18;97V;TR259;235/50R18;97;V;Лето;Легковой;7.5;235;5;23;;Бюджетная летняя шина для легковых авто
321;TH2012355019;TH201 235/50R19;Triangle;TH201;235/50R19;;;Лето;Легковой;7.5;235;5;23;Китай;Бюджетная летняя шина для легковых авто
322;TH2022355019;TH202 235/50R19;103W;TH202;235/50R19;103;W;Лето;Легковой;7.5;235;5;23;;Бюджетная летняя шина для легковых авто
323;SPORTS T12355019;Sports T1 235/50R19;Charmhoo;Sports T1;235/50R19;;;Лето;Легковой;7.5;235;5;23;;Бюджетная летняя шина для легковых авто
324;TH2022355020;TH202 235/50R20;104W;TH202;235/50R20;104;W;Лето;Легковой;7.5;235;5;23;;Бюджетная летняя шина для легковых авто
325;GH182355517;GH18 235/55R17;Goform;GH18;235/55R17;;;Лето;Легковой;7.5;235;5;23;;Бюджетная летняя шина для легковых авто
326;TH2012355517;TH201 235/55R17;Triangle;TH201;235/55R17;;;Лето;Легковой;7.5;235;5;23;Китай;Бюджетная летняя шина для легковых авто
327;TH2022355517;TH202 235/55R17;103W;TH202;235/55R17;103;W;Лето;Легковой;7.5;235;5;23;;Бюджетная летняя шина для легковых авто
328;TR2592355517;TR259 235/55R17;103V;TR259;235/55R17;103;V;Лето;Легковой;7.5;235;5;23;;Бюджетная летняя шина для легковых авто
329;TR2572355517;TR257 235/55R17;Triangle;TR257;235/55R17;;;Лето;Легковой;7.5;235;5;23;Китай;Бюджетная летняя шина для легковых авто
330;TA012355517;TA01 235/55R17;Triangle;TA01;235/55R17;;;Лето;Легковой;7.5;235;5;23;Китай;Бюджетная летняя шина для легковых авто
331;TX32355517;TX3 235/55R17;Tracmax;TX3;235/55R17;103;W;Лето;Легковой;7.5;235;5;23;;Бюджетная летняя шина для легковых авто
332;TH2022355518;TH202 235/55R18;104W;TH202;235/55R18;104;W;Лето;Легковой;7.5;235;5;23;;Бюджетная летняя шина для легковых авто
333;TR2572355518;TR257 235/55R18;Triangle;TR257;235/55R18;;;Лето;Легковой;7.5;235;5;23;Китай;Бюджетная летняя шина для легковых авто
334;TR2592355518;TR259 235/55R18;104V;TR259;235/55R18;104;V;Лето;Легковой;7.5;235;5;23;;Бюджетная летняя шина для легковых авто
335;GH182355518;GH18 235/55R18;Goform;GH18;235/55R18;;;Лето;Легковой;7.5;235;5;23;;Бюджетная летняя шина для легковых авто
336;ECOPLUS2355518;ECOPLUS 235/55R18;Charmhoo;ECOPLUS;235/55R18;;;Лето;Легковой;7.5;235;5;23;;Бюджетная летняя шина для легковых авто
337;TH2022355519;TH202 235/55R19;105W;TH202;235/55R19;105;W;Лето;Легковой;7.5;235;5;23;;Бюджетная летняя шина для легковых авто
338;TR2592355519;TR259 235/55R19;Triangle;TR259;235/55R19;;;Лето;Легковой;7.5;235;5;23;Китай;Бюджетная летняя шина для легковых авто
339;SPORTS T12355519;Sports T1 235/55R19;Charmhoo;Sports T1;235/55R19;;;Лето;Легковой;7.5;235;5;23;;Бюджетная летняя шина для легковых авто
340;AU51823555Z19;AU518 235/55ZR19;Braves;AU518;235/55ZR19;;;Лето;Легковой;7.5;235;5;23;;Бюджетная летняя шина для легковых авто
341;GH182355520;GH18 235/55R20;Goform;GH18;235/55R20;;;Лето;Легковой;7.5;235;5;23;;Бюджетная летняя шина для легковых авто
342;TH2012355520;TH201 235/55R20;Triangle;TH201;235/55R20;;;Лето;Легковой;7.5;235;5;23;Китай;Бюджетная летняя шина для легковых авто
343;TH2022355520;TH202 235/55R20;105W;TH202;235/55R20;105;W;Лето;Легковой;7.5;235;5;23;;Бюджетная летняя шина для легковых авто
344;AU51823555Z20;AU518 235/55ZR20;Braves;AU518;235/55ZR20;;;Лето;Легковой;7.5;235;5;23;;Бюджетная летняя шина для легковых авто
345;TR2592356016;TR259 235/60R16;Triangle;TR259;235/60R16;;;Лето;Легковой;7.5;235;5;23;Китай;Бюджетная летняя шина для легковых авто
346;TR2572356017;TR257 235/60R17;Triangle;TR257;235/60R17;;;Лето;Легковой;7.5;235;5;23;Китай;Бюджетная летняя шина для легковых авто
347;TR2592356017;TR259 235/60R17;102V;TR259;235/60R17;102;V;Лето;Легковой;7.5;235;5;23;;Бюджетная летняя шина для легковых авто
348;SPORTS T12356018;Sports T1 235/60R18;Charmhoo;Sports T1;235/60R18;;;Лето;Легковой;7.5;235;5;23;;Бюджетная летняя шина для легковых авто
349;TR2572356018;TR257 235/60R18;Triangle;TR257;235/60R18;;;Лето;Легковой;7.5;235;5;23;Китай;Бюджетная летняя шина для легковых авто
350;TR2592356018;TR259 235/60R18;107W;TR259;235/60R18;107;W;Лето;Легковой;7.5;235;5;23;;Бюджетная летняя шина для легковых авто
351;TR2922356018;TR292 235/60R18;Triangle;TR292;235/60R18;;;Лето;Легковой;7.5;235;5;23;Китай;Бюджетная летняя шина для легковых авто
352;TV7012356516;TV701 235/65R16;Triangle;TV701;235/65R16;;;Лето;Легковой;7.5;235;5;23;Китай;Бюджетная летняя шина для легковых авто
353;WILDTRAC A/T2356517;WILDTRAC A/T 235/65R17;Goform;WILDTRAC A/T;235/65R17;;;Лето;Легковой;7.5;235;5;23;;Бюджетная летняя шина для легковых авто
354;TR2572356517;TR257 235/65R17;Triangle;TR257;235/65R17;;;Лето;Легковой;7.5;235;5;23;Китай;Бюджетная летняя шина для легковых авто
355;TR2592356517;TR259 235/65R17;108V;TR259;235/65R17;108;V;Лето;Легковой;7.5;235;5;23;;Бюджетная летняя шина для легковых авто
356;TR2922356517;TR292 235/65R17;Triangle;TR292;235/65R17;;;Лето;Легковой;7.5;235;5;23;Китай;Бюджетная летняя шина для легковых авто
357;X-PRIVILO2356517;X-Privilo 235/65R17;H/T;X-Privilo;235/65R17;108;H;Лето;Легковой;7.5;235;5;23;;Бюджетная летняя шина для легковых авто
358;TR2592356518;TR259 235/65R18;106H;TR259;235/65R18;106;H;Лето;Легковой;7.5;235;5;23;;Бюджетная летняя шина для легковых авто
359;GT022357016;GT02 235/70R16;Goform;GT02;235/70R16;;;Лето;Легковой;7.5;235;5;23;;Бюджетная летняя шина для легковых авто
360;TR2592357016;TR259 235/70R16;Triangle;TR259;235/70R16;;;Лето;Легковой;7.5;235;5;23;Китай;Бюджетная летняя шина для легковых авто
361;TR2922357016;TR292 235/70R16;Triangle;TR292;235/70R16;;;Лето;Легковой;7.5;235;5;23;Китай;Бюджетная летняя шина для легковых авто
362;TR2572357515;TR257 235/75R15;Triangle;TR257;235/75R15;;;Лето;Легковой;7.5;235;5;23;Китай;Бюджетная летняя шина для легковых авто
363;TR2922357515;TR292 235/75R15;Triangle;TR292;235/75R15;;;Лето;Легковой;7.5;235;5;23;Китай;Бюджетная летняя шина для легковых авто
364;GH182453020;GH18 245/30R20;Goform;GH18;245/30R20;;;Лето;Легковой;7.5;245;5;24;;Бюджетная летняя шина для легковых авто
365;TH2012453020;TH201 245/30R20;Triangle;TH201;245/30R20;;;Лето;Легковой;7.5;245;5;24;Китай;Бюджетная летняя шина для легковых авто
366;TH2022453020;TH202 245/30R20;95Y;TH202;245/30R20;95;Y;Лето;Легковой;7.5;245;5;24;;Бюджетная летняя шина для легковых авто
367;TH2012453518;TH201 245/35R18;Triangle;TH201;245/35R18;;;Лето;Легковой;7.5;245;5;24;Китай;Бюджетная летняя шина для легковых авто
368;TH2022453518;TH202 245/35R18;92Y;TH202;245/35R18;92;Y;Лето;Легковой;7.5;245;5;24;;Бюджетная летняя шина для легковых авто
369;GH182453519;GH18 245/35R19;Goform;GH18;245/35R19;;;Лето;Легковой;7.5;245;5;24;;Бюджетная летняя шина для легковых авто
370;TH2012453519;TH201 245/35R19;Triangle;TH201;245/35R19;;;Лето;Легковой;7.5;245;5;24;Китай;Бюджетная летняя шина для легковых авто
371;TH2022453519;TH202 245/35R19;93Y;TH202;245/35R19;93;Y;Лето;Легковой;7.5;245;5;24;;Бюджетная летняя шина для легковых авто
372;TR9682453519;TR968 245/35R19;Triangle;TR968;245/35R19;;;Лето;Легковой;7.5;245;5;24;Китай;Бюджетная летняя шина для легковых авто
373;GH182453520;GH18 245/35R20;Goform;GH18;245/35R20;;;Лето;Легковой;7.5;245;5;24;;Бюджетная летняя шина для легковых авто
374;TH2012453520;TH201 245/35R20;Triangle;TH201;245/35R20;;;Лето;Легковой;7.5;245;5;24;Китай;Бюджетная летняя шина для легковых авто
375;TH2022453520;TH202 245/35R20;95Y;TH202;245/35R20;95;Y;Лето;Легковой;7.5;245;5;24;;Бюджетная летняя шина для легковых авто
376;TR9682453520;TR968 245/35R20;95V;TR968;245/35R20;95;V;Лето;Легковой;7.5;245;5;24;;Бюджетная летняя шина для легковых авто
377;TH2012454017;TH201 245/40R17;Triangle;TH201;245/40R17;;;Лето;Легковой;7.5;245;5;24;Китай;Бюджетная летняя шина для легковых авто
378;TH2022454017;TH202 245/40R17;95Y;TH202;245/40R17;95;Y;Лето;Легковой;7.5;245;5;24;;Бюджетная летняя шина для легковых авто
379;K30002454017;K3000 245/40R17;Kapsen;K3000;245/40R17;;;Лето;Легковой;7.5;245;5;24;;Бюджетная летняя шина для легковых авто
380;TH2012454018;TH201 245/40R18;Triangle;TH201;245/40R18;;;Лето;Легковой;7.5;245;5;24;Китай;Бюджетная летняя шина для легковых авто
381;TH2022454018;TH202 245/40R18;97Y;TH202;245/40R18;97;Y;Лето;Легковой;7.5;245;5;24;;Бюджетная летняя шина для легковых авто
382;TR9682454018;TR968 245/40R18;Triangle;TR968;245/40R18;;;Лето;Легковой;7.5;245;5;24;Китай;Бюджетная летняя шина для легковых авто
383;SPORTS T12454018;Sports T1 245/40R18;Charmhoo;Sports T1;245/40R18;;;Лето;Легковой;7.5;245;5;24;;Бюджетная летняя шина для легковых авто
384;TX32454018;TX3 245/40R18;Tracmax;TX3;245/40R18;97;Y;Лето;Легковой;7.5;245;5;24;;Бюджетная летняя шина для легковых авто
385;TH2012454019;TH201 245/40R19;Triangle;TH201;245/40R19;;;Лето;Легковой;7.5;245;5;24;Китай;Бюджетная летняя шина для легковых авто
386;TH2022454019;TH202 245/40R19;98Y;TH202;245/40R19;98;Y;Лето;Легковой;7.5;245;5;24;;Бюджетная летняя шина для легковых авто
387;TR9672454019;TR967 245/40R19;Triangle;TR967;245/40R19;;;Лето;Легковой;7.5;245;5;24;Китай;Бюджетная летняя шина для легковых авто
388;SPORTS T12454019;Sports T1 245/40R19;Charmhoo;Sports T1;245/40R19;;;Лето;Легковой;7.5;245;5;24;;Бюджетная летняя шина для легковых авто
389;TH2012454020;TH201 245/40R20;Triangle;TH201;245/40R20;;;Лето;Легковой;7.5;245;5;24;Китай;Бюджетная летняя шина для легковых авто
390;TH2022454020;TH202 245/40R20;99Y;TH202;245/40R20;99;Y;Лето;Легковой;7.5;245;5;24;;Бюджетная летняя шина для легковых авто
391;GH182454517;GH18 245/45R17;Goform;GH18;245/45R17;;;Лето;Легковой;7.5;245;5;24;;Бюджетная летняя шина для легковых авто
392;TH2012454517;TH201 245/45R17;Triangle;TH201;245/45R17;;;Лето;Легковой;7.5;245;5;24;Китай;Бюджетная летняя шина для легковых авто
393;TH2022454517;TH202 245/45R17;99Y;TH202;245/45R17;99;Y;Лето;Легковой;7.5;245;5;24;;Бюджетная летняя шина для легковых авто
394;TR9682454517;TR968 245/45R17;Triangle;TR968;245/45R17;;;Лето;Легковой;7.5;245;5;24;Китай;Бюджетная летняя шина для легковых авто
395;TH2012454518;TH201 245/45R18;Triangle;TH201;245/45R18;;;Лето;Легковой;7.5;245;5;24;Китай;Бюджетная летняя шина для легковых авто
396;TH2022454518;TH202 245/45R18;100Y;TH202;245/45R18;100;Y;Лето;Легковой;7.5;245;5;24;;Бюджетная летняя шина для легковых авто
397;TR9682454518;TR968 245/45R18;96V;TR968;245/45R18;96;V;Лето;Легковой;7.5;245;5;24;;Бюджетная летняя шина для легковых авто
398;GH182454518;GH18 245/45R18;Goform;GH18;245/45R18;;;Лето;Легковой;7.5;245;5;24;;Бюджетная летняя шина для легковых авто
399;SPORTS T12454518;Sports T1 245/45R18;Charmhoo;Sports T1;245/45R18;;;Лето;Легковой;7.5;245;5;24;;Бюджетная летняя шина для легковых авто
400;TH2012454519;TH201 245/45R19;Triangle;TH201;245/45R19;;;Лето;Легковой;7.5;245;5;24;Китай;Бюджетная летняя шина для легковых авто
401;TH2022454519;TH202 245/45R19;102Y;TH202;245/45R19;102;Y;Лето;Легковой;7.5;245;5;24;;Бюджетная летняя шина для легковых авто
402;SPORTS T12454519;Sports T1 245/45R19;Charmhoo;Sports T1;245/45R19;;;Лето;Легковой;7.5;245;5;24;;Бюджетная летняя шина для легковых авто
403;AU51824545Z19;AU518 245/45ZR19;Braves;AU518;245/45ZR19;;;Лето;Легковой;7.5;245;5;24;;Бюджетная летняя шина для легковых авто
404;GH182454520;GH18 245/45R20;Goform;GH18;245/45R20;;;Лето;Легковой;7.5;245;5;24;;Бюджетная летняя шина для легковых авто
405;TH2012454520;TH201 245/45R20;Triangle;TH201;245/45R20;;;Лето;Легковой;7.5;245;5;24;Китай;Бюджетная летняя шина для легковых авто
406;TH2022454520;TH202 245/45R20;103Y;TH202;245/45R20;103;Y;Лето;Легковой;7.5;245;5;24;;Бюджетная летняя шина для легковых авто
407;AU51824545Z20;AU518 245/45ZR20;Braves;AU518;245/45ZR20;;;Лето;Легковой;7.5;245;5;24;;Бюджетная летняя шина для легковых авто
408;K300024545Z20;K3000 245/45ZR20;Kapsen;K3000;245/45ZR20;103;Y;Лето;Легковой;7.5;245;5;24;;Бюджетная летняя шина для легковых авто
409;GH182455018;GH18 245/50R18;Goform;GH18;245/50R18;;;Лето;Легковой;7.5;245;5;24;;Бюджетная летняя шина для легковых авто
410;TH2012455018;TH201 245/50R18;Triangle;TH201;245/50R18;;;Лето;Легковой;7.5;245;5;24;Китай;Бюджетная летняя шина для легковых авто
411;TH2022455018;TH202 245/50R18;104Y;TH202;245/50R18;104;Y;Лето;Легковой;7.5;245;5;24;;Бюджетная летняя шина для легковых авто
412;TR9182455018;TR918 245/50R18;Triangle;TR918;245/50R18;;;Лето;Легковой;7.5;245;5;24;Китай;Бюджетная летняя шина для легковых авто
413;AU51824550Z18;AU518 245/50ZR18;Braves;AU518;245/50ZR18;;;Лето;Легковой;7.5;245;5;24;;Бюджетная летняя шина для легковых авто
414;TH2022455019;TH202 245/50R19;105Y;TH202;245/50R19;105;Y;Лето;Легковой;7.5;245;5;24;;Бюджетная летняя шина для легковых авто
415;TH2012455020;TH201 245/50R20;Triangle;TH201;245/50R20;;;Лето;Легковой;7.5;245;5;24;Китай;Бюджетная летняя шина для легковых авто
416;TH2022455020;TH202 245/50R20;105V;TH202;245/50R20;105;V;Лето;Легковой;7.5;245;5;24;;Бюджетная летняя шина для легковых авто
417;GH182455020;GH18 245/50R20;Goform;GH18;245/50R20;;;Лето;Легковой;7.5;245;5;24;;Бюджетная летняя шина для легковых авто
418;AU51824550Z20;AU518 245/50ZR20;Braves;AU518;245/50ZR20;;;Лето;Легковой;7.5;245;5;24;;Бюджетная летняя шина для легковых авто
419;TR2572455519;TR257 245/55R19;103V;TR257;245/55R19;103;V;Лето;Легковой;7.5;245;5;24;;Бюджетная летняя шина для легковых авто
420;SPORTS T12455519;Sports T1 245/55R19;Charmhoo;Sports T1;245/55R19;;;Лето;Легковой;7.5;245;5;24;;Бюджетная летняя шина для легковых авто
421;AU51824555Z19;AU518 245/55ZR19;Braves;AU518;245/55ZR19;;;Лето;Легковой;7.5;245;5;24;;Бюджетная летняя шина для легковых авто
422;TR2592456018;TR259 245/60R18;105H;TR259;245/60R18;105;H;Лето;Легковой;7.5;245;5;24;;Бюджетная летняя шина для легковых авто
423;TR2592456517;TR259 245/65R17;Triangle;TR259;245/65R17;;;Лето;Легковой;7.5;245;5;24;Китай;Бюджетная летняя шина для легковых авто
424;WILDTRAC A/T2457016;WILDTRAC A/T 245/70R16;Goform;WILDTRAC A/T;245/70R16;;;Лето;Легковой;7.5;245;5;24;;Бюджетная летняя шина для легковых авто
425;TR2592457016;TR259 245/70R16;Triangle;TR259;245/70R16;;;Лето;Легковой;7.5;245;5;24;Китай;Бюджетная летняя шина для легковых авто
426;TR2572457016;TR257 245/70R16;Triangle;TR257;245/70R16;;;Лето;Легковой;7.5;245;5;24;Китай;Бюджетная летняя шина для легковых авто
427;GT022457016;GT02 245/70R16;Goform;GT02;245/70R16;;;Лето;Легковой;7.5;245;5;24;;Бюджетная летняя шина для легковых авто
428;TR2922457016;TR292 245/70R16;Triangle;TR292;245/70R16;;;Лето;Легковой;7.5;245;5;24;Китай;Бюджетная летняя шина для легковых авто
429;TR2922457516;TR292 245/75R16;Triangle;TR292;245/75R16;;;Лето;Легковой;7.5;245;5;24;Китай;Бюджетная летняя шина для легковых авто
430;WILDTRAC A/T2457516;WILDTRAC A/T 245/75R16;Goform;WILDTRAC A/T;245/75R16;;;Лето;Легковой;7.5;245;5;24;;Бюджетная летняя шина для легковых авто
431;TH2012553019;TH201 255/30R19;Triangle;TH201;255/30R19;;;Лето;Легковой;7.5;255;5;25;Китай;Бюджетная летняя шина для легковых авто
432;TH2022553019;TH202 255/30R19;91Y;TH202;255/30R19;91;Y;Лето;Легковой;7.5;255;5;25;;Бюджетная летняя шина для легковых авто
433;TH2012553020;TH201 255/30R20;Triangle;TH201;255/30R20;;;Лето;Легковой;7.5;255;5;25;Китай;Бюджетная летняя шина для легковых авто
434;TH2022553020;TH202 255/30R20;92Y;TH202;255/30R20;92;Y;Лето;Легковой;7.5;255;5;25;;Бюджетная летняя шина для легковых авто
435;TH2012553022;TH201 255/30R22;95Y;TH201;255/30R22;95;Y;Лето;Легковой;7.5;255;5;25;;Бюджетная летняя шина для легковых авто
436;TH2012553518;TH201 255/35R18;Triangle;TH201;255/35R18;;;Лето;Легковой;7.5;255;5;25;Китай;Бюджетная летняя шина для легковых авто
437;TH2022553518;TH202 255/35R18;94Y;TH202;255/35R18;94;Y;Лето;Легковой;7.5;255;5;25;;Бюджетная летняя шина для легковых авто
438;TH2012553519;TH201 255/35R19;Triangle;TH201;255/35R19;;;Лето;Легковой;7.5;255;5;25;Китай;Бюджетная летняя шина для легковых авто
439;TH2022553519;TH202 255/35R19;96Y;TH202;255/35R19;96;Y;Лето;Легковой;7.5;255;5;25;;Бюджетная летняя шина для легковых авто
440;GH182553519;GH18 255/35R19;Goform;GH18;255/35R19;;;Лето;Легковой;7.5;255;5;25;;Бюджетная летняя шина для легковых авто
441;TH2012553520;TH201 255/35R20;Triangle;TH201;255/35R20;;;Лето;Легковой;7.5;255;5;25;Китай;Бюджетная летняя шина для легковых авто
442;TH2022553520;TH202 255/35R20;97Y;TH202;255/35R20;97;Y;Лето;Легковой;7.5;255;5;25;;Бюджетная летняя шина для легковых авто
443;TR9682553520;TR968 255/35R20;Triangle;TR968;255/35R20;;;Лето;Легковой;7.5;255;5;25;Китай;Бюджетная летняя шина для легковых авто
444;TH2012554018;TH201 255/40R18;Triangle;TH201;255/40R18;;;Лето;Легковой;7.5;255;5;25;Китай;Бюджетная летняя шина для легковых авто
445;TH2022554018;TH202 255/40R18;99Y;TH202;255/40R18;99;Y;Лето;Легковой;7.5;255;5;25;;Бюджетная летняя шина для легковых авто
446;GH182554018;GH18 255/40R18;Goform;GH18;255/40R18;;;Лето;Легковой;7.5;255;5;25;;Бюджетная летняя шина для легковых авто
447;AU51825540Z18;AU518 255/40ZR18;Braves;AU518;255/40ZR18;;;Лето;Легковой;7.5;255;5;25;;Бюджетная летняя шина для легковых авто
448;SPORTS T12554018;Sports T1 255/40R18;Charmhoo;Sports T1;255/40R18;;;Лето;Легковой;7.5;255;5;25;;Бюджетная летняя шина для легковых авто
449;TH2012554019;TH201 255/40R19;Triangle;TH201;255/40R19;;;Лето;Легковой;7.5;255;5;25;Китай;Бюджетная летняя шина для легковых авто
450;TH2022554019;TH202 255/40R19;100Y;TH202;255/40R19;100;Y;Лето;Легковой;7.5;255;5;25;;Бюджетная летняя шина для легковых авто
451;GH182554019;GH18 255/40R19;Goform;GH18;255/40R19;;;Лето;Легковой;7.5;255;5;25;;Бюджетная летняя шина для легковых авто
452;AU51825540Z19;AU518 255/40ZR19;Braves;AU518;255/40ZR19;;;Лето;Легковой;7.5;255;5;25;;Бюджетная летняя шина для легковых авто
453;SPORTS T12554019;Sports T1 255/40R19;Charmhoo;Sports T1;255/40R19;;;Лето;Легковой;7.5;255;5;25;;Бюджетная летняя шина для легковых авто
454;TH2012554020;TH201 255/40R20;Triangle;TH201;255/40R20;;;Лето;Легковой;7.5;255;5;25;Китай;Бюджетная летняя шина для легковых авто
455;TH2022554020;TH202 255/40R20;101Y;TH202;255/40R20;101;Y;Лето;Легковой;7.5;255;5;25;;Бюджетная летняя шина для легковых авто
456;TH2012554021;TH201 255/40R21;Triangle;TH201;255/40R21;;;Лето;Легковой;7.5;255;5;25;Китай;Бюджетная летняя шина для легковых авто
457;TH2012554517;TH201 255/45R17;Triangle;TH201;255/45R17;;;Лето;Легковой;7.5;255;5;25;Китай;Бюджетная летняя шина для легковых авто
458;GH182554518;GH18 255/45R18;Goform;GH18;255/45R18;;;Лето;Легковой;7.5;255;5;25;;Бюджетная летняя шина для легковых авто
459;TH2012554518;TH201 255/45R18;Triangle;TH201;255/45R18;;;Лето;Легковой;7.5;255;5;25;Китай;Бюджетная летняя шина для легковых авто
460;TH2022554518;TH202 255/45R18;103Y;TH202;255/45R18;103;Y;Лето;Легковой;7.5;255;5;25;;Бюджетная летняя шина для легковых авто
461;AU51825545Z18;AU518 255/45ZR18;Braves;AU518;255/45ZR18;;;Лето;Легковой;7.5;255;5;25;;Бюджетная летняя шина для легковых авто
462;GH182554519;GH18 255/45R19;Goform;GH18;255/45R19;;;Лето;Легковой;7.5;255;5;25;;Бюджетная летняя шина для легковых авто
463;TH2012554519;TH201 255/45R19;Triangle;TH201;255/45R19;;;Лето;Легковой;7.5;255;5;25;Китай;Бюджетная летняя шина для легковых авто
464;TH2022554519;TH202 255/45R19;104Y;TH202;255/45R19;104;Y;Лето;Легковой;7.5;255;5;25;;Бюджетная летняя шина для легковых авто
465;AU51825545Z19;AU518 255/45ZR19;Braves;AU518;255/45ZR19;;;Лето;Легковой;7.5;255;5;25;;Бюджетная летняя шина для легковых авто
466;SPORTS T12554519;Sports T1 255/45R19;Charmhoo;Sports T1;255/45R19;;;Лето;Легковой;7.5;255;5;25;;Бюджетная летняя шина для легковых авто
467;TH2012554520;TH201 255/45R20;Triangle;TH201;255/45R20;;;Лето;Легковой;7.5;255;5;25;Китай;Бюджетная летняя шина для легковых авто
468;TH2022554520;TH202 255/45R20;105Y;TH202;255/45R20;105;Y;Лето;Легковой;7.5;255;5;25;;Бюджетная летняя шина для легковых авто
469;GH182554520;GH18 255/45R20;Goform;GH18;255/45R20;;;Лето;Легковой;7.5;255;5;25;;Бюджетная летняя шина для легковых авто
470;RS262554520;RS26 255/45R20;Kapsen;RS26;255/45R20;;;Лето;Легковой;7.5;255;5;25;;Бюджетная летняя шина для легковых авто
471;TR2592554521;TR259 255/45R21;Triangle;TR259;255/45R21;;;Лето;Легковой;7.5;255;5;25;Китай;Бюджетная летняя шина для легковых авто
472;TH2012555018;TH201 255/50R18;106V;TH201;255/50R18;106;V;Лето;Легковой;7.5;255;5;25;;Бюджетная летняя шина для легковых авто
473;TR9682555018;TR968 255/50R18;106V;TR968;255/50R18;106;V;Лето;Легковой;7.5;255;5;25;;Бюджетная летняя шина для легковых авто
474;GH182555019;GH18 255/50R19;Goform;GH18;255/50R19;;;Лето;Легковой;7.5;255;5;25;;Бюджетная летняя шина для легковых авто
475;TH2012555019;TH201 255/50R19;Triangle;TH201;255/50R19;;;Лето;Легковой;7.5;255;5;25;Китай;Бюджетная летняя шина для легковых авто
476;TH2022555019;TH202 255/50R19;107Y;TH202;255/50R19;107;Y;Лето;Легковой;7.5;255;5;25;;Бюджетная летняя шина для легковых авто
477;TR2592555019;TR259 255/50R19;Triangle;TR259;255/50R19;;;Лето;Легковой;7.5;255;5;25;Китай;Бюджетная летняя шина для легковых авто
478;AU51825550Z19;AU518 255/50ZR19;Braves;AU518;255/50ZR19;;;Лето;Легковой;7.5;255;5;25;;Бюджетная летняя шина для легковых авто
479;TH2012555020;TH201 255/50R20;Triangle;TH201;255/50R20;;;Лето;Легковой;7.5;255;5;25;Китай;Бюджетная летняя шина для легковых авто
480;TH2022555020;TH202 255/50R20;109Y;TH202;255/50R20;109;Y;Лето;Легковой;7.5;255;5;25;;Бюджетная летняя шина для легковых авто
481;GH182555020;GH18 255/50R20;Goform;GH18;255/50R20;;;Лето;Легковой;7.5;255;5;25;;Бюджетная летняя шина для легковых авто
482;AU51825550Z20;AU518 255/50ZR20;Braves;AU518;255/50ZR20;;;Лето;Легковой;7.5;255;5;25;;Бюджетная летняя шина для легковых авто
483;TR2592555518;TR259 255/55R18;109W;TR259;255/55R18;109;W;Лето;Легковой;7.5;255;5;25;;Бюджетная летняя шина для легковых авто
484;TR2572555518;TR257 255/55R18;Triangle;TR257;255/55R18;;;Лето;Легковой;7.5;255;5;25;Китай;Бюджетная летняя шина для легковых авто
485;TR2922555518;TR292 255/55R18;Triangle;TR292;255/55R18;;;Лето;Легковой;7.5;255;5;25;Китай;Бюджетная летняя шина для легковых авто
486;AU5182555518;AU518 255/55R18;Braves;AU518;255/55R18;;;Лето;Легковой;7.5;255;5;25;;Бюджетная летняя шина для легковых авто
487;TH2022555519;TH202 255/55R19;111W;TH202;255/55R19;111;W;Лето;Легковой;7.5;255;5;25;;Бюджетная летняя шина для легковых авто
488;TR2592555519;TR259 255/55R19;111W;TR259;255/55R19;111;W;Лето;Легковой;7.5;255;5;25;;Бюджетная летняя шина для легковых авто
489;GH182555519;GH18 255/55R19;Goform;GH18;255/55R19;;;Лето;Легковой;7.5;255;5;25;;Бюджетная летняя шина для легковых авто
490;AU51825555Z19;AU518 255/55ZR19;Braves;AU518;255/55ZR19;;;Лето;Легковой;7.5;255;5;25;;Бюджетная летняя шина для легковых авто
491;TH2012555520;TH201 255/55R20;Triangle;TH201;255/55R20;;;Лето;Легковой;7.5;255;5;25;Китай;Бюджетная летняя шина для легковых авто
492;TH2022555520;TH202 255/55R20;110W;TH202;255/55R20;110;W;Лето;Легковой;7.5;255;5;25;;Бюджетная летняя шина для легковых авто
493;GH182555520;GH18 255/55R20;Goform;GH18;255/55R20;;;Лето;Легковой;7.5;255;5;25;;Бюджетная летняя шина для легковых авто
494;AU51825555Z20;AU518 255/55ZR20;Braves;AU518;255/55ZR20;;;Лето;Легковой;7.5;255;5;25;;Бюджетная летняя шина для легковых авто
495;TR2592556018;TR259 255/60R18;112V;TR259;255/60R18;112;V;Лето;Легковой;7.5;255;5;25;;Бюджетная летняя шина для легковых авто
496;TR2572556018;TR257 255/60R18;Triangle;TR257;255/60R18;;;Лето;Легковой;7.5;255;5;25;Китай;Бюджетная летняя шина для легковых авто
497;TR2592556019;TR259 255/60R19;109V;TR259;255/60R19;109;V;Лето;Легковой;7.5;255;5;25;;Бюджетная летняя шина для легковых авто
498;TH2012653019;TH201 265/30R19;Triangle;TH201;265/30R19;;;Лето;Легковой;7.5;265;5;26;Китай;Бюджетная летняя шина для легковых авто
499;TH2022653019;TH202 265/30R19;93Y;TH202;265/30R19;93;Y;Лето;Легковой;7.5;265;5;26;;Бюджетная летняя шина для легковых авто
500;TR9682653019;TR968 265/30R19;Triangle;TR968;265/30R19;;;Лето;Легковой;7.5;265;5;26;Китай;Бюджетная летняя шина для легковых авто
501;TH2012653518;TH201 265/35R18;Triangle;TH201;265/35R18;;;Лето;Легковой;7.5;265;5;26;Китай;Бюджетная летняя шина для легковых авто
502;TH2022653518;TH202 265/35R18;97Y;TH202;265/35R18;97;Y;Лето;Легковой;7.5;265;5;26;;Бюджетная летняя шина для легковых авто
503;TR9682653518;TR968 265/35R18;Triangle;TR968;265/35R18;;;Лето;Легковой;7.5;265;5;26;Китай;Бюджетная летняя шина для легковых авто
504;GH182653518;GH18 265/35R18;Goform;GH18;265/35R18;;;Лето;Легковой;7.5;265;5;26;;Бюджетная летняя шина для легковых авто
505;K30002653518;K3000 265/35R18;Kapsen;K3000;265/35R18;;;Лето;Легковой;7.5;265;5;26;;Бюджетная летняя шина для легковых авто
506;TH2012653519;TH201 265/35R19;Triangle;TH201;265/35R19;;;Лето;Легковой;7.5;265;5;26;Китай;Бюджетная летняя шина для легковых авто
507;TH2022653519;TH202 265/35R19;98Y;TH202;265/35R19;98;Y;Лето;Легковой;7.5;265;5;26;;Бюджетная летняя шина для легковых авто
508;TH2012653520;TH201 265/35R20;Triangle;TH201;265/35R20;;;Лето;Легковой;7.5;265;5;26;Китай;Бюджетная летняя шина для легковых авто
509;TH2022653520;TH202 265/35R20;99Y;TH202;265/35R20;99;Y;Лето;Легковой;7.5;265;5;26;;Бюджетная летняя шина для легковых авто
510;TH2012653522;TH201 265/35R22;102Y;TH201;265/35R22;102;Y;Лето;Легковой;7.5;265;5;26;;Бюджетная летняя шина для легковых авто
511;TR9682653522;TR968 265/35R22;Triangle;TR968;265/35R22;;;Лето;Легковой;7.5;265;5;26;Китай;Бюджетная летняя шина для легковых авто
512;AU5182654020;AU518 265/40R20;Braves;AU518;265/40R20;;;Лето;Легковой;7.5;265;5;26;;Бюджетная летняя шина для легковых авто
513;TH2012654020;TH201 265/40R20;Triangle;TH201;265/40R20;;;Лето;Легковой;7.5;265;5;26;Китай;Бюджетная летняя шина для легковых авто
514;TH2022654020;TH202 265/40R20;104W;TH202;265/40R20;104;W;Лето;Легковой;7.5;265;5;26;;Бюджетная летняя шина для легковых авто
515;TH2012654021;TH201 265/40R21;105Y;TH201;265/40R21;105;Y;Лето;Легковой;7.5;265;5;26;;Бюджетная летняя шина для легковых авто
516;RS262654021;RS26 265/40R21;Kapsen;RS26;265/40R21;;;Лето;Легковой;7.5;265;5;26;;Бюджетная летняя шина для легковых авто
517;TH2022654022;TH202 265/40R22;106W;TH202;265/40R22;106;W;Лето;Легковой;7.5;265;5;26;;Бюджетная летняя шина для легковых авто
518;TH2012654520;TH201 265/45R20;Triangle;TH201;265/45R20;;;Лето;Легковой;7.5;265;5;26;Китай;Бюджетная летняя шина для легковых авто
519;TH2022654520;TH202 265/45R20;108Y;TH202;265/45R20;108;Y;Лето;Легковой;7.5;265;5;26;;Бюджетная летняя шина для легковых авто
520;RS262654520;RS26 265/45R20;Kapsen;RS26;265/45R20;;;Лето;Легковой;7.5;265;5;26;;Бюджетная летняя шина для легковых авто
521;TH2022654521;TH202 265/45R21;108W;TH202;265/45R21;108;W;Лето;Легковой;7.5;265;5;26;;Бюджетная летняя шина для легковых авто
522;TH2012655019;TH201 265/50R19;Triangle;TH201;265/50R19;;;Лето;Легковой;7.5;265;5;26;Китай;Бюджетная летняя шина для легковых авто
523;TH2022655019;TH202 265/50R19;110Y;TH202;265/50R19;110;Y;Лето;Легковой;7.5;265;5;26;;Бюджетная летняя шина для легковых авто
524;GH182655019;GH18 265/50R19;Goform;GH18;265/50R19;;;Лето;Легковой;7.5;265;5;26;;Бюджетная летняя шина для легковых авто
525;TH2012655020;TH201 265/50R20;Triangle;TH201;265/50R20;;;Лето;Легковой;7.5;265;5;26;Китай;Бюджетная летняя шина для легковых авто
526;TH2022655020;TH202 265/50R20;111Y;TH202;265/50R20;111;Y;Лето;Легковой;7.5;265;5;26;;Бюджетная летняя шина для легковых авто
527;TR2592655020;TR259 265/50R20;Triangle;TR259;265/50R20;;;Лето;Легковой;7.5;265;5;26;Китай;Бюджетная летняя шина для легковых авто
528;ECOPLUS2655020;ECOPLUS 265/50R20;Goform;ECOPLUS;265/50R20;;;Лето;Легковой;7.5;265;5;26;;Бюджетная летняя шина для легковых авто
529;WILDTRAC A/T2656018;WILDTRAC A/T 265/60R18;Goform;WILDTRAC A/T;265/60R18;;;Лето;Легковой;7.5;265;5;26;;Бюджетная летняя шина для легковых авто
530;TR2592656018;TR259 265/60R18;114V;TR259;265/60R18;114;V;Лето;Легковой;7.5;265;5;26;;Бюджетная летняя шина для легковых авто
531;TR9682656018;TR968 265/60R18;Triangle;TR968;265/60R18;;;Лето;Легковой;7.5;265;5;26;Китай;Бюджетная летняя шина для легковых авто
532;TR2922656018;TR292 265/60R18;Triangle;TR292;265/60R18;;;Лето;Легковой;7.5;265;5;26;Китай;Бюджетная летняя шина для легковых авто
533;TR2922656517;TR292 265/65R17;Triangle;TR292;265/65R17;;;Лето;Легковой;7.5;265;5;26;Китай;Бюджетная летняя шина для легковых авто
534;TR2572656517;TR257 265/65R17;112H;TR257;265/65R17;112;H;Лето;Легковой;7.5;265;5;26;;Бюджетная летняя шина для легковых авто
535;TR2592656518;TR259 265/65R18;Triangle;TR259;265/65R18;;;Лето;Легковой;7.5;265;5;26;Китай;Бюджетная летняя шина для легковых авто
536;GT022657016;GT02 265/70R16;Goform;GT02;265/70R16;;;Лето;Легковой;7.5;265;5;26;;Бюджетная летняя шина для легковых авто
537;TR2592657016;TR259 265/70R16;Triangle;TR259;265/70R16;;;Лето;Легковой;7.5;265;5;26;Китай;Бюджетная летняя шина для легковых авто
538;TR2922657016;TR292 265/70R16;Triangle;TR292;265/70R16;;;Лето;Легковой;7.5;265;5;26;Китай;Бюджетная летняя шина для легковых авто
539;TH2012753019;TH201 275/30R19;Triangle;TH201;275/30R19;;;Лето;Легковой;7.5;275;5;27;Китай;Бюджетная летняя шина для легковых авто
540;TH2022753019;TH202 275/30R19;96Y;TH202;275/30R19;96;Y;Лето;Легковой;7.5;275;5;27;;Бюджетная летняя шина для легковых авто
541;TR9682753019;TR968 275/30R19;Triangle;TR968;275/30R19;;;Лето;Легковой;7.5;275;5;27;Китай;Бюджетная летняя шина для легковых авто
542;TH2012753020;TH201 275/30R20;Triangle;TH201;275/30R20;;;Лето;Легковой;7.5;275;5;27;Китай;Бюджетная летняя шина для легковых авто
543;TH2022753020;TH202 275/30R20;97Y;TH202;275/30R20;97;Y;Лето;Легковой;7.5;275;5;27;;Бюджетная летняя шина для легковых авто
544;GH182753020;GH18 275/30R20;Goform;GH18;275/30R20;;;Лето;Легковой;7.5;275;5;27;;Бюджетная летняя шина для легковых авто
545;TH2012753519;TH201 275/35R19;Triangle;TH201;275/35R19;;;Лето;Легковой;7.5;275;5;27;Китай;Бюджетная летняя шина для легковых авто
546;TH2022753519;TH202 275/35R19;100Y;TH202;275/35R19;100;Y;Лето;Легковой;7.5;275;5;27;;Бюджетная летняя шина для легковых авто
547;SPORTS T12753519;Sports T1 275/35R19;Charmhoo;Sports T1;275/35R19;;;Лето;Легковой;7.5;275;5;27;;Бюджетная летняя шина для легковых авто
548;RS262753519;RS26 275/35R19;Kapsen;RS26;275/35R19;;;Лето;Легковой;7.5;275;5;27;;Бюджетная летняя шина для легковых авто
549;TH2012753520;TH201 275/35R20;Triangle;TH201;275/35R20;;;Лето;Легковой;7.5;275;5;27;Китай;Бюджетная летняя шина для легковых авто
550;TH2022753520;TH202 275/35R20;102Y;TH202;275/35R20;102;Y;Лето;Легковой;7.5;275;5;27;;Бюджетная летняя шина для легковых авто
551;TR9682754018;TR968 275/40R18;103W;TR968;275/40R18;103;W;Лето;Легковой;7.5;275;5;27;;Бюджетная летняя шина для легковых авто
552;TH2012754019;TH201 275/40R19;Triangle;TH201;275/40R19;;;Лето;Легковой;7.5;275;5;27;Китай;Бюджетная летняя шина для легковых авто
553;TH2022754019;TH202 275/40R19;105Y;TH202;275/40R19;105;Y;Лето;Легковой;7.5;275;5;27;;Бюджетная летняя шина для легковых авто
554;SPORTS T12754019;Sports T1 275/40R19;Charmhoo;Sports T1;275/40R19;;;Лето;Легковой;7.5;275;5;27;;Бюджетная летняя шина для легковых авто
555;AU51827540Z19;AU518 275/40ZR19;Braves;AU518;275/40ZR19;;;Лето;Легковой;7.5;275;5;27;;Бюджетная летняя шина для легковых авто
556;K30002754019;K3000 275/40R19;Kapsen;K3000;275/40R19;105;W;Лето;Легковой;7.5;275;5;27;;Бюджетная летняя шина для легковых авто
557;ECOPLUS2754020;ECOPLUS 275/40R20;Goform;ECOPLUS;275/40R20;;;Лето;Легковой;7.5;275;5;27;;Бюджетная летняя шина для легковых авто
558;GH182754020;GH18 275/40R20;Goform;GH18;275/40R20;;;Лето;Легковой;7.5;275;5;27;;Бюджетная летняя шина для легковых авто
559;TH2012754020;TH201 275/40R20;Triangle;TH201;275/40R20;;;Лето;Легковой;7.5;275;5;27;Китай;Бюджетная летняя шина для легковых авто
560;TH2022754020;TH202 275/40R20;106Y;TH202;275/40R20;106;Y;Лето;Легковой;7.5;275;5;27;;Бюджетная летняя шина для легковых авто
561;K30002754020;K3000 275/40R20;Kapsen;K3000;275/40R20;106;W;Лето;Легковой;7.5;275;5;27;;Бюджетная летняя шина для легковых авто
562;TH2012754021;TH201 275/40R21;108Y;TH201;275/40R21;108;Y;Лето;Легковой;7.5;275;5;27;;Бюджетная летняя шина для легковых авто
563;TH2012754022;TH201 275/40R22;108Y;TH201;275/40R22;108;Y;Лето;Легковой;7.5;275;5;27;;Бюджетная летняя шина для легковых авто
564;GH182754518;GH18 275/45R18;Goform;GH18;275/45R18;;;Лето;Легковой;7.5;275;5;27;;Бюджетная летняя шина для легковых авто
565;TH2012754519;TH201 275/45R19;108Y;TH201;275/45R19;108;Y;Лето;Легковой;7.5;275;5;27;;Бюджетная летняя шина для легковых авто
566;TH2012754520;TH201 275/45R20;Triangle;TH201;275/45R20;;;Лето;Легковой;7.5;275;5;27;Китай;Бюджетная летняя шина для легковых авто
567;TH2022754520;TH202 275/45R20;110Y;TH202;275/45R20;110;Y;Лето;Легковой;7.5;275;5;27;;Бюджетная летняя шина для легковых авто
568;ECOPLUS2754520;ECOPLUS 275/45R20;Сharmhoo;ECOPLUS;275/45R20;;;Лето;Легковой;7.5;275;5;27;;Бюджетная летняя шина для легковых авто
569;GH182754520;GH18 275/45R20;Goform;GH18;275/45R20;;;Лето;Легковой;7.5;275;5;27;;Бюджетная летняя шина для легковых авто
570;AU51827545Z20;AU518 275/45ZR20;Braves;AU518;275/45ZR20;;;Лето;Легковой;7.5;275;5;27;;Бюджетная летняя шина для легковых авто
571;TH2012754521;TH201 275/45R21;110Y;TH201;275/45R21;110;Y;Лето;Легковой;7.5;275;5;27;;Бюджетная летняя шина для легковых авто
572;TR2592754521;TR259 275/45R21;110Y;TR259;275/45R21;110;Y;Лето;Легковой;7.5;275;5;27;;Бюджетная летняя шина для легковых авто
573;GH182754521;GH18 275/45R21;Goform;GH18;275/45R21;;;Лето;Легковой;7.5;275;5;27;;Бюджетная летняя шина для легковых авто
574;AU51827545Z21;AU518 275/45ZR21;Braves;AU518;275/45ZR21;;;Лето;Легковой;7.5;275;5;27;;Бюджетная летняя шина для легковых авто
575;GH182755020;GH18 275/50R20;Goform;GH18;275/50R20;;;Лето;Легковой;7.5;275;5;27;;Бюджетная летняя шина для легковых авто
576;TR2592755020;TR259 275/50R20;113W;TR259;275/50R20;113;W;Лето;Легковой;7.5;275;5;27;;Бюджетная летняя шина для легковых авто
577;RS262755020;RS26 275/50R20;Kapsen;RS26;275/50R20;;;Лето;Легковой;7.5;275;5;27;;Бюджетная летняя шина для легковых авто
578;AU5182755519;AU518 275/55R19;Braves;AU518;275/55R19;;;Лето;Легковой;7.5;275;5;27;;Бюджетная летняя шина для легковых авто
579;GH182755519;GH18 275/55R19;Goform;GH18;275/55R19;;;Лето;Легковой;7.5;275;5;27;;Бюджетная летняя шина для легковых авто
580;TR2592755520;TR259 275/55R20;117W;TR259;275/55R20;117;W;Лето;Легковой;7.5;275;5;27;;Бюджетная летняя шина для легковых авто
581;TR2922755520;TR292 275/55R20;Triangle;TR292;275/55R20;;;Лето;Легковой;7.5;275;5;27;Китай;Бюджетная летняя шина для легковых авто
582;TR2592756020;TR259 275/60R20;115H;TR259;275/60R20;115;H;Лето;Легковой;7.5;275;5;27;;Бюджетная летняя шина для легковых авто
583;TR2922756020;TR292 275/60R20;Triangle;TR292;275/60R20;;;Лето;Легковой;7.5;275;5;27;Китай;Бюджетная летняя шина для легковых авто
584;SPORTS T12853518;Sports T1 285/35R18;Charmhoo;Sports T1;285/35R18;;;Лето;Легковой;7.5;285;5;28;;Бюджетная летняя шина для легковых авто
585;RS262853521;RS26 285/35R21;Kapsen;RS26;285/35R21;;;Лето;Легковой;7.5;285;5;28;;Бюджетная летняя шина для легковых авто
586;ECOPLUS2853522;ECOPLUS 285/35R22;Charmhoo;ECOPLUS;285/35R22;;;Лето;Легковой;7.5;285;5;28;;Бюджетная летняя шина для легковых авто
587;TH2012854519;TH201 285/45R19;Triangle;TH201;285/45R19;;;Лето;Легковой;7.5;285;5;28;Китай;Бюджетная летняя шина для легковых авто
588;TH2022854519;TH202 285/45R19;111Y;TH202;285/45R19;111;Y;Лето;Легковой;7.5;285;5;28;;Бюджетная летняя шина для легковых авто
589;TH2022854521;TH202 285/45R21;113W;TH202;285/45R21;113;W;Лето;Легковой;7.5;285;5;28;;Бюджетная летняя шина для легковых авто
590;TR2592855020;TR259 285/50R20;116W;TR259;285/50R20;116;W;Лето;Легковой;7.5;285;5;28;;Бюджетная летняя шина для легковых авто
591;ECOPLUS2855020;ECOPLUS 285/50R20;Charmhoo;ECOPLUS;285/50R20;;;Лето;Легковой;7.5;285;5;28;;Бюджетная летняя шина для легковых авто
592;AU51828550Z20;AU518 285/50ZR20;Braves;AU518;285/50ZR20;;;Лето;Легковой;7.5;285;5;28;;Бюджетная летняя шина для легковых авто
593;TR2592856018;TR259 285/60R18;120V;TR259;285/60R18;120;V;Лето;Легковой;7.5;285;5;28;;Бюджетная летняя шина для легковых авто
594;TH2012953019;TH201 295/30R19;100Y;TH201;295/30R19;100;Y;Лето;Легковой;7.5;295;5;29;;Бюджетная летняя шина для легковых авто
595;RS262953022;RS26 295/30R22;Kapsen;RS26;295/30R22;;;Лето;Легковой;7.5;295;5;29;;Бюджетная летняя шина для легковых авто
596;TH2012953521;TH201 295/35R21;107Y;TH201;295/35R21;107;Y;Лето;Легковой;7.5;295;5;29;;Бюджетная летняя шина для легковых авто
597;TH2012953524;TH201 295/35R24;Triangle;TH201;295/35R24;;;Лето;Легковой;7.5;295;5;29;Китай;Бюджетная летняя шина для легковых авто
598;TR9682953524;TR968 295/35R24;110V;TR968;295/35R24;110;V;Лето;Легковой;7.5;295;5;29;;Бюджетная летняя шина для легковых авто
599;GH182954021;GH18 295/40R21;Goform;GH18;295/40R21;;;Лето;Легковой;7.5;295;5;29;;Бюджетная летняя шина для легковых авто
600;TH2013053524;TH201 305/35R24;Triangle;TH201;305/35R24;;;Лето;Легковой;7.5;305;5;30;Китай;Бюджетная летняя шина для легковых авто
601;TR9683053524;TR968 305/35R24;Triangle;TR968;305/35R24;;;Лето;Легковой;7.5;305;5;30;Китай;Бюджетная летняя шина для легковых авто
602;ECOPLUS3054022;ECOPLUS 305/40R22;Goform;ECOPLUS;305/40R22;;;Лето;Легковой;7.5;305;5;30;;Бюджетная летняя шина для легковых авто
603;TH2013153520;TH201 315/35R20;Triangle;TH201;315/35R20;;;Лето;Легковой;7.5;315;5;31;Китай;Бюджетная летняя шина для легковых авто
604;TH2023153520;TH202 315/35R20;110Y;TH202;315/35R20;110;Y;Лето;Легковой;7.5;315;5;31;;Бюджетная летняя шина для легковых авто
